M;GEOS
F;MATH
M;BIOS
F;BIOS
M;BIOS
F;BIOS
M;BIOS
M;ICT
F;BIOS
F;MATH
F;BIOS
M;BIOS
M;GEOS
M;BIOS
M;MATH
M;GEOS
M;CHIM
F;BIOS
M;MATH
M;BIOS
M;BIOS
M;BIOS
M;CHIM
M;BIOS
F;BIOS
M;CHIM
M;PHYS
M;ICT
M;CHIM
M;CHIM
M;MATH
F;CHIM
F;BIOS
F;BIOS
M;PHYS
M;ICT
M;GEOS
F;BIOS
M;MATH
F;BIOS
F;BIOS
M;BIOS
M;MATH
F;BIOS
M;BIOS
M;MATH
F;BIOS
M;INFO
M;GEOS
F;BIOS
M;PHYS
F;BIOS
F;PHYS
M;BIOS
M;BIOS
M;BIOS
F;BIOS
M;GEOS
F;BIOS
M;GEOS
M;BIOS
M;MATH
M;MATH
M;BIOS
F;BIOS
F;BIOS
M;BIOS
M;BIOS
M;ICT
F;BIOS
F;BIOS
M;MATH
M;MATH
F;PHYS
M;BIOS
M;MATH
M;BIOS
M;BIOS
F;GEOS
M;BIOS
M;BIOS
M;PHYS
M;BIOS
F;BIOS
M;PHYS
F;PHYS
M;BIOS
M;CHIM
M;MATH
M;MATH
M;PHYS
F;GEOS
M;BIOS
F;BIOS
M;BIOS
M;MATH
M;MATH
F;GEOS
M;GEOS
F;PHYS
F;BIOS
F;BIOS
F;BIOS
M;BIOS
M;BIOS
M;PHYS
F;BIOS
F;INFO
M;BIOS
M;BIOS
F;PHYS
M;BIOS
M;GEOS
M;PHYS
M;PHYS
M;BIOS
M;BIOS
F;BIOS
F;BIOS
F;BIOS
M;MATH
M;MATH
F;BIOS
F;BIOS
F;GEOS
M;PHYS
F;BIOS
F;BIOS
F;GEOS
F;BIOS
M;BIOS
M;BIOS
M;MATH
F;BIOS
M;BIOS
M;BIOS
F;GEOS
F;BIOS
F;CHIM
M;CHIM
F;BIOS
M;CHIM
F;PHYS
M;BIOS
F;BIOS
F;CHIM
M;BIOS
F;MATH
F;GEOS
M;BIOS
M;PHYS
M;MATH
M;PHYS
F;BIOS
M;GEOS
M;INFO
M;MATH
M;BIOS
F;BIOS
M;CHIM
M;PHYS
F;BIOS
M;PHYS
M;MATH
M;PHYS
M;INFO
M;CHIM
F;BIOS
M;MATH
F;PHYS
M;PHYS
F;CHIM
M;INFO
F;ICT
M;BIOS
M;PHYS
M;GEOS
F;MATH
F;BIOS
M;BIOS
F;BIOS
M;PHYS
M;PHYS
M;BIOS
F;PHYS
F;BIOS
F;BIOS
M;MATH
F;BIOS
F;GEOS
F;BIOS
M;MATH
F;MATH
M;BIOS
F;BIOS
M;PHYS
M;CHIM
F;MATH
M;MATH
F;CHIM
F;BIOS
M;BIOS
F;PHYS
F;BIOS
M;MATH
F;MATH
F;GEOS
M;BIOS
F;BIOS
F;GEOS
F;ICT
F;BIOS
M;PHYS
F;BIOS
M;ICT
M;BIOS
M;BIOS
M;ICT
M;GEOS
M;CHIM
F;BIOS
F;BIOS
M;BIOS
M;BIOS
M;PHYS
M;BIOS
M;PHYS
M;ICT
F;BIOS
M;BIOS
M;CHIM
M;CHIM
M;PHYS
M;BIOS
M;GEOS
M;BIOS
F;BIOS
F;CHIM
M;BIOS
M;PHYS
M;MATH
M;MATH
M;MATH
F;MATH
F;CHIM
F;BIOS
M;PHYS
M;BIOS
M;BIOS
F;INFO
M;PHYS
M;BIOS
M;INFO
F;INFO
M;MATH
M;ICT
F;PHYS
M;MATH
M;INFO
M;INFO
M;PHYS
M;CHIM
M;BIOS
M;BIOS
M;PHYS
M;CHIM
M;PHYS
M;MATH
M;MATH
M;BIOS
M;MATH
M;MATH
F;BIOS
M;MATH
M;PHYS
M;PHYS
M;PHYS
M;PHYS
F;PHYS
F;BIOS
F;BIOS
M;BIOS
F;GEOS
F;BIOS
M;PHYS
F;BIOS
M;PHYS
M;GEOS
M;CHIM
M;PHYS
F;BIOS
M;BIOS
F;BIOS
F;BIOS
F;GEOS
M;BIOS
M;PHYS
F;GEOS
F;BIOS
M;BIOS
M;BIOS
M;CHIM
F;BIOS
M;PHYS
M;BIOS
M;BIOS
M;CHIM
F;GEOS
M;BIOS
F;MATH
F;BIOS
F;BIOS
M;BIOS
F;BIOS
M;BIOS
M;ICT
F;BIOS
F;CHIM
F;CHIM
F;GEOS
M;MATH
M;GEOS
F;BIOS
M;PHYS
F;BIOS
M;BIOS
F;BIOS
F;PHYS
F;BIOS
M;PHYS
M;BIOS
F;BIOS
M;ICT
M;BIOS
F;BIOS
M;PHYS
F;BIOS
F;BIOS
M;ICT
F;GEOS
F;CHIM
M;BIOS
F;GEOS
M;CHIM
M;PHYS
M;PHYS
M;MATH
F;GEOS
M;ICT
M;MATH
M;MATH
F;BIOS
F;PHYS
M;PHYS
F;BIOS
F;PHYS
M;MATH
F;BIOS
M;ICT
M;PHYS
M;CHIM
M;CHIM
F;BIOS
M;PHYS
M;MATH
F;GEOS
M;CHIM
M;BIOS
M;CHIM
F;BIOS
M;BIOS
M;PHYS
M;MATH
M;BIOS
M;BIOS
F;GEOS
M;ICT
M;ICT
M;BIOS
F;BIOS
M;BIOS
M;BIOS
F;ICT
F;MATH
M;BIOS
M;PHYS
M;BIOS
M;BIOS
M;BIOS
F;BIOS
M;MATH
M;MATH
F;CHIM
M;PHYS
M;BIOS
M;BIOS
F;MATH
M;BIOS
F;CHIM
F;BIOS
M;PHYS
M;PHYS
M;ICT
F;BIOS
F;BIOS
F;GEOS
M;BIOS
F;BIOS
M;MATH
F;MATH
M;BIOS
M;MATH
M;BIOS
F;BIOS
F;BIOS
F;MATH
M;BIOS
M;MATH
M;PHYS
F;BIOS
F;BIOS
M;PHYS
F;BIOS
M;PHYS
F;BIOS
M;GEOS
F;BIOS
M;BIOS
F;BIOS
M;MATH
F;PHYS
F;MATH
F;BIOS
F;BIOS
M;CHIM
F;PHYS
M;BIOS
M;BIOS
M;PHYS
F;BIOS
F;BIOS
F;BIOS
M;BIOS
F;BIOS
M;MATH
M;PHYS
M;PHYS
M;BIOS
M;PHYS
M;PHYS
F;PHYS
M;BIOS
M;PHYS
M;MATH
M;CHIM
M;GEOS
M;MATH
M;MATH
M;PHYS
M;MATH
M;BIOS
M;MATH
M;PHYS
F;CHIM
F;CHIM
F;BIOS
M;MATH
M;PHYS
F;BIOS
M;BIOS
M;PHYS
F;CHIM
F;BIOS
M;BIOS
F;BIOS
M;BIOS
F;BIOS
M;BIOS
F;BIOS
M;MATH
M;BIOS
F;BIOS
F;BIOS
F;BIOS
M;MATH
F;PHYS
M;PHYS
F;BIOS
M;CHIM
F;ICT
M;PHYS
F;BIOS
M;BIOS
F;BIOS
F;BIOS
M;PHYS
M;BIOS
F;BIOS
M;MATH
F;PHYS
M;MATH
F;INFO
M;BIOS
F;BIOS
M;BIOS
M;PHYS
M;PHYS
F;BIOS
F;BIOS
F;BIOS
F;BIOS
F;BIOS
F;BIOS
M;BIOS
M;ICT
M;PHYS
F;PHYS
F;BIOS
M;MATH
F;BIOS
M;BIOS
F;BIOS
F;BIOS
M;PHYS
M;PHYS
F;GEOS
F;BIOS
M;PHYS
M;MATH
M;MATH
M;BIOS
M;MATH
F;BIOS
M;GEOS
F;GEOS
F;BIOS
F;BIOS
F;BIOS
F;BIOS
M;MATH
F;BIOS
M;PHYS
M;GEOS
M;GEOS
M;PHYS
M;ICT
M;BIOS
M;GEOS
F;BIOS
M;PHYS
F;BIOS
F;BIOS
F;BIOS
M;PHYS
F;BIOS
M;CHIM
F;PHYS
F;BIOS
M;MATH
F;CHIM
F;BIOS
M;CHIM
F;BIOS
F;BIOS
M;CHIM
M;ICT
F;BIOS
M;PHYS
M;PHYS
M;BIOS
F;BIOS
F;BIOS
F;BIOS
F;BIOS
M;PHYS
F;BIOS
F;BIOS
F;GEOS
F;CHIM
M;BIOS
M;BIOS
F;BIOS
M;GEOS
F;CHIM
F;BIOS
F;GEOS
M;GEOS
M;PHYS
F;BIOS
M;MATH
F;PHYS
M;CHIM
M;INFO
M;GEOS
M;BIOS
M;BIOS
F;PHYS
M;CHIM
F;BIOS
M;BIOS
M;BIOS
M;PHYS
M;PHYS
M;PHYS
F;PHYS
F;BIOS
F;BIOS
M;PHYS
M;CHIM
M;BIOS
M;MATH
M;PHYS
M;ICT
M;MATH
M;BIOS
F;GEOS
F;BIOS
M;INFO
M;CHIM
F;BIOS
F;PHYS
M;MATH
F;CHIM
M;BIOS
F;BIOS
F;BIOS
F;BIOS
M;PHYS
M;BIOS
M;GEOS
F;BIOS
F;GEOS
F;BIOS
F;BIOS
M;BIOS
M;ICT
M;BIOS
M;BIOS
M;BIOS
M;BIOS
F;BIOS
F;BIOS
F;CHIM
F;BIOS
F;BIOS
M;BIOS
M;BIOS
M;ICT
F;BIOS
F;PHYS
M;CHIM
F;BIOS
F;PHYS
F;BIOS
F;BIOS
F;BIOS
F;GEOS
F;BIOS
F;MATH
M;MATH
F;PHYS
M;BIOS
M;BIOS
M;BIOS
M;PHYS
M;BIOS
M;CHIM
M;MATH
M;CHIM
F;CHIM
M;GEOS
M;BIOS
F;BIOS
F;GEOS
M;PHYS
F;BIOS
F;PHYS
M;BIOS
M;BIOS
F;PHYS
F;CHIM
M;MATH
F;BIOS
M;CHIM
M;PHYS
M;GEOS
M;BIOS
M;BIOS
F;BIOS
M;BIOS
M;GEOS
F;BIOS
M;MATH
M;BIOS
M;BIOS
F;CHIM
F;BIOS
F;BIOS
M;BIOS
F;CHIM
F;CHIM
M;PHYS
M;PHYS
F;INFO
M;PHYS
F;BIOS
F;PHYS
M;CHIM
M;CHIM
M;PHYS
M;GEOS
F;PHYS
M;PHYS
M;BIOS
M;CHIM
F;BIOS
F;CHIM
M;GEOS
F;BIOS
M;CHIM
F;BIOS
F;BIOS
M;BIOS
F;BIOS
F;PHYS
M;PHYS
M;BIOS
M;BIOS
F;BIOS
M;MATH
F;GEOS
M;BIOS
M;BIOS
F;BIOS
F;CHIM
M;MATH
M;BIOS
F;BIOS
F;MATH
F;BIOS
M;MATH
M;BIOS
F;BIOS
M;PHYS
M;BIOS
F;BIOS
F;BIOS
F;BIOS
M;BIOS
M;PHYS
F;CHIM
M;GEOS
M;CHIM
F;BIOS
F;GEOS
M;CHIM
F;BIOS
F;PHYS
M;MATH
M;PHYS
F;BIOS
M;CHIM
F;GEOS
M;MATH
M;PHYS
M;INFO
F;INFO
F;MATH
M;INFO
M;INFO
F;PHYS
M;INFO
M;MATH
M;INFO
M;PHYS
M;PHYS
M;BIOS
F;PHYS
F;BIOS
M;MATH
M;INFO
F;BIOS
M;INFO
F;MATH
M;INFO
F;PHYS
M;INFO
F;MATH
M;INFO
M;PHYS
M;INFO
F;PHYS
M;BIOS
F;BIOS
M;PHYS
M;INFO
M;PHYS
M;PHYS
M;GEOS
F;BIOS
M;PHYS
M;INFO
F;INFO
F;BIOS
M;BIOS
F;BIOS
M;MATH
M;MATH
M;INFO
M;INFO
F;MATH
M;BIOS
M;MATH
M;BIOS
M;ICT
F;BIOS
F;GEOS
F;INFO
M;MATH
F;PHYS
M;BIOS
M;CHIM
F;PHYS
M;GEOS
M;MATH
M;INFO
M;INFO
M;BIOS
M;PHYS
M;INFO
M;INFO
M;INFO
M;BIOS
M;BIOS
M;PHYS
F;BIOS
M;PHYS
F;INFO
F;MATH
M;INFO
F;PHYS
F;MATH
F;BIOS
M;INFO
M;BIOS
F;BIOS
M;INFO
M;MATH
M;PHYS
M;MATH
M;MATH
F;BIOS
M;MATH
M;BIOS
M;BIOS
M;CHIM
F;BIOS
F;BIOS
F;BIOS
F;PHYS
F;CHIM
F;GEOS
M;BIOS
M;BIOS
M;BIOS
M;PHYS
M;PHYS
M;BIOS
M;PHYS
M;PHYS
M;MATH
F;MATH
M;PHYS
M;CHIM
F;CHIM
M;PHYS
F;CHIM
M;PHYS
M;BIOS
F;BIOS
M;PHYS
F;CHIM
F;BIOS
F;MATH
M;ICT
F;MATH
M;BIOS
F;ICT
M;CHIM
M;PHYS
F;MATH
F;BIOS
M;PHYS
M;BIOS
M;GEOS
M;GEOS
F;BIOS
F;BIOS
M;PHYS
F;GEOS
F;MATH
M;PHYS
M;PHYS
M;CHIM
M;PHYS
M;BIOS
F;PHYS
M;BIOS
F;MATH
M;PHYS
F;BIOS
M;PHYS
F;BIOS
F;PHYS
F;BIOS
F;MATH
F;PHYS
F;GEOS
M;BIOS
M;CHIM
M;MATH
F;BIOS
F;PHYS
M;PHYS
M;BIOS
F;CHIM
F;CHIM
M;PHYS
M;BIOS
F;BIOS
M;PHYS
F;BIOS
F;BIOS
M;ICT
M;MATH
M;PHYS
F;BIOS
M;PHYS
M;BIOS
M;PHYS
M;BIOS
M;BIOS
M;BIOS
M;BIOS
M;MATH
F;BIOS
M;PHYS
F;CHIM
M;INFO
M;MATH
M;MATH
M;PHYS
M;CHIM
M;PHYS
F;PHYS
F;PHYS
M;PHYS
M;MATH
M;PHYS
F;BIOS
F;BIOS
M;PHYS
M;MATH
F;CHIM
M;PHYS
F;BIOS
F;CHIM
F;BIOS
M;BIOS
F;BIOS
F;BIOS
F;GEOS
M;CHIM
M;ICT
M;PHYS
F;CHIM
M;BIOS
F;BIOS
M;BIOS
F;PHYS
F;BIOS
M;BIOS
M;PHYS
F;BIOS
F;BIOS
F;PHYS
M;CHIM
M;MATH
M;PHYS
F;BIOS
F;MATH
M;PHYS
F;PHYS
M;PHYS
F;PHYS
M;PHYS
M;PHYS
F;PHYS
M;ICT
F;BIOS
F;BIOS
M;MATH
F;GEOS
M;BIOS
M;BIOS
F;GEOS
M;BIOS
M;PHYS
F;MATH
M;PHYS
M;ICT
M;PHYS
F;BIOS
M;BIOS
M;PHYS
M;PHYS
F;INFO
F;ICT
M;INFO
M;PHYS
F;BIOS
M;BIOS
F;BIOS
F;ICT
M;PHYS
M;PHYS
M;PHYS
M;CHIM
F;BIOS
F;PHYS
M;BIOS
F;BIOS
M;BIOS
F;PHYS
F;BIOS
M;BIOS
F;BIOS
M;BIOS
F;BIOS
M;BIOS
M;CHIM
M;GEOS
M;BIOS
F;BIOS
M;MATH
M;PHYS
M;PHYS
F;BIOS
F;PHYS
F;CHIM
M;PHYS
F;GEOS
M;CHIM
F;BIOS
M;BIOS
M;BIOS
F;BIOS
M;BIOS
M;GEOS
F;BIOS
F;BIOS
F;CHIM
M;PHYS
F;BIOS
M;CHIM
F;GEOS
M;CHIM
M;PHYS
M;BIOS
F;CHIM
M;PHYS
M;BIOS
M;BIOS
M;CHIM
F;BIOS
F;BIOS
F;BIOS
M;PHYS
F;MATH
F;GEOS
F;BIOS
F;GEOS
M;BIOS
F;BIOS
F;BIOS
M;BIOS
M;PHYS
M;BIOS
F;BIOS
F;BIOS
F;PHYS
F;MATH
M;CHIM
M;BIOS
F;BIOS
M;PHYS
M;GEOS
F;BIOS
M;PHYS
F;MATH
F;BIOS
F;BIOS
M;GEOS
M;BIOS
F;BIOS
M;BIOS
M;PHYS
F;PHYS
F;PHYS
M;BIOS
F;CHIM
F;GEOS
F;BIOS
F;BIOS
F;BIOS
F;BIOS
F;PHYS
F;GEOS
F;CHIM
M;BIOS
F;GEOS
F;BIOS
M;INFO
M;GEOS
F;BIOS
M;PHYS
F;GEOS
M;PHYS
M;BIOS
M;BIOS
F;BIOS
F;PHYS
F;MATH
M;BIOS
F;CHIM
M;BIOS
F;BIOS
F;BIOS
F;PHYS
F;PHYS
M;PHYS
F;BIOS
M;GEOS
F;PHYS
M;PHYS
M;PHYS
M;BIOS
F;MATH
F;BIOS
F;BIOS
F;BIOS
M;PHYS
F;BIOS
M;BIOS
F;BIOS
M;GEOS
M;BIOS
F;BIOS
F;BIOS
M;PHYS
F;BIOS
F;BIOS
F;BIOS
F;BIOS
M;MATH
M;PHYS
M;BIOS
M;ICT
F;BIOS
M;BIOS
M;PHYS
M;PHYS
M;PHYS
M;MATH
M;BIOS
M;PHYS
M;CHIM
M;MATH
M;CHIM
F;MATH
M;PHYS
F;BIOS
M;ICT
F;BIOS
M;PHYS
M;PHYS
F;PHYS
M;BIOS
M;BIOS
M;PHYS
M;CHIM
M;PHYS
M;MATH
M;MATH
M;PHYS
M;INFO
F;PHYS
M;INFO
M;MATH
F;BIOS
M;MATH
M;BIOS
M;BIOS
M;PHYS
M;BIOS
M;BIOS
M;BIOS
M;CHIM
M;BIOS
F;BIOS
M;PHYS
M;GEOS
F;PHYS
M;BIOS
F;BIOS
M;PHYS
M;BIOS
M;PHYS
M;BIOS
M;BIOS
M;PHYS
M;BIOS
F;BIOS
M;PHYS
F;CHIM
F;PHYS
F;GEOS
M;BIOS
F;CHIM
F;GEOS
M;BIOS
M;BIOS
M;BIOS
M;BIOS
M;GEOS
M;MATH
M;PHYS
M;PHYS
M;PHYS
F;CHIM
M;BIOS
F;INFO
M;PHYS
F;CHIM
F;PHYS
F;CHIM
F;BIOS
M;PHYS
M;PHYS
F;BIOS
F;BIOS
F;BIOS
M;PHYS
M;BIOS
M;BIOS
F;PHYS
M;BIOS
F;BIOS
M;PHYS
M;PHYS
M;BIOS
F;GEOS
M;PHYS
M;GEOS
M;BIOS
M;PHYS
M;BIOS
M;MATH
F;BIOS
F;CHIM
M;BIOS
M;MATH
F;CHIM
M;MATH
M;PHYS
F;PHYS
M;GEOS
F;BIOS
M;ICT
M;BIOS
M;BIOS
M;PHYS
F;BIOS
M;GEOS
M;BIOS
M;CHIM
M;BIOS
M;BIOS
F;BIOS
F;PHYS
F;BIOS
F;BIOS
F;BIOS
M;BIOS
M;PHYS
F;BIOS
F;BIOS
F;PHYS
F;BIOS
F;BIOS
F;BIOS
M;GEOS
M;PHYS
M;PHYS
F;BIOS
M;BIOS
M;BIOS
M;BIOS
F;BIOS
M;MATH
F;PHYS
M;MATH
M;MATH
M;BIOS
F;BIOS
M;BIOS
F;PHYS
F;CHIM
M;CHIM
F;PHYS
M;PHYS
M;PHYS
M;PHYS
M;PHYS
M;BIOS
F;BIOS
M;BIOS
M;PHYS
M;BIOS
M;BIOS
M;GEOS
F;MATH
F;BIOS
F;BIOS
M;BIOS
M;CHIM
M;PHYS
M;BIOS
F;BIOS
F;CHIM
F;GEOS
M;MATH
F;BIOS
F;BIOS
M;PHYS
F;BIOS
F;BIOS
F;PHYS
F;BIOS
M;BIOS
F;BIOS
M;PHYS
M;INFO
M;INFO
M;PHYS
M;PHYS
F;INFO
M;ICT
M;MATH
M;MATH
M;BIOS
M;PHYS
M;BIOS
M;INFO
M;BIOS
F;PHYS
M;BIOS
F;BIOS
F;BIOS
F;BIOS
M;ICT
M;MATH
F;BIOS
F;BIOS
M;BIOS
M;BIOS
M;PHYS
M;PHYS
M;INFO
M;PHYS
M;INFO
M;INFO
F;CHIM
M;BIOS
F;BIOS
F;BIOS
M;CHIM
M;INFO
F;BIOS
M;MATH
M;INFO
M;MATH
M;INFO
F;BIOS
M;BIOS
M;INFO
M;MATH
M;MATH
F;PHYS
F;INFO
M;INFO
M;INFO
M;BIOS
M;BIOS
M;BIOS
F;BIOS
F;BIOS
F;PHYS
M;PHYS
F;BIOS
M;MATH
F;INFO
M;INFO
F;MATH
M;BIOS
M;MATH
M;PHYS
M;PHYS
F;BIOS
M;PHYS
M;PHYS
M;BIOS
F;BIOS
F;PHYS
M;MATH
M;BIOS
M;MATH
F;PHYS
M;BIOS
F;BIOS
F;PHYS
F;BIOS
F;MATH
M;ICT
M;MATH
M;BIOS
M;INFO
F;INFO
M;MATH
M;PHYS
M;INFO
F;BIOS
M;INFO
M;INFO
M;MATH
M;BIOS
M;MATH
F;MATH
M;INFO
M;MATH
F;BIOS
M;PHYS
M;MATH
F;BIOS
F;BIOS
M;MATH
F;BIOS
M;GEOS
M;PHYS
M;BIOS
M;PHYS
M;BIOS
M;INFO
M;PHYS
M;MATH
M;CHIM
F;BIOS
M;BIOS
M;MATH
M;BIOS
M;CHIM
M;GEOS
F;BIOS
F;BIOS
M;PHYS
F;GEOS
F;BIOS
M;MATH
F;BIOS
M;BIOS
F;BIOS
M;PHYS
F;CHIM
F;BIOS
M;MATH
F;BIOS
F;BIOS
F;CHIM
F;BIOS
M;PHYS
M;PHYS
M;PHYS
M;BIOS
M;PHYS
M;PHYS
M;BIOS
M;PHYS
F;BIOS
M;BIOS
F;BIOS
M;PHYS
F;CHIM
M;PHYS
F;BIOS
M;GEOS
M;MATH
F;BIOS
M;MATH
F;GEOS
M;BIOS
M;BIOS
F;PHYS
M;BIOS
F;BIOS
M;MATH
F;BIOS
F;BIOS
M;PHYS
F;PHYS
F;GEOS
M;BIOS
M;PHYS
M;BIOS
F;BIOS
M;BIOS
M;BIOS
F;CHIM
M;GEOS
F;PHYS
M;BIOS
F;PHYS
M;GEOS
F;GEOS
M;PHYS
M;GEOS
M;BIOS
F;BIOS
F;CHIM
M;PHYS
M;BIOS
M;BIOS
M;PHYS
M;BIOS
M;BIOS
M;BIOS
M;PHYS
F;BIOS
M;BIOS
F;CHIM
F;BIOS
F;BIOS
M;BIOS
F;BIOS
M;PHYS
F;CHIM
M;CHIM
M;PHYS
F;BIOS
M;PHYS
F;GEOS
F;BIOS
F;PHYS
M;PHYS
F;BIOS
M;PHYS
M;CHIM
M;BIOS
F;BIOS
M;PHYS
F;BIOS
M;PHYS
M;BIOS
M;PHYS
F;BIOS
F;BIOS
M;BIOS
F;BIOS
M;GEOS
F;BIOS
M;BIOS
F;PHYS
M;PHYS
M;MATH
F;PHYS
F;CHIM
M;INFO
M;PHYS
M;MATH
M;MATH
M;PHYS
F;ICT
M;PHYS
F;BIOS
F;BIOS
M;BIOS
M;PHYS
M;PHYS
M;CHIM
F;BIOS
F;PHYS
M;GEOS
F;BIOS
F;BIOS
M;MATH
M;BIOS
M;PHYS
F;BIOS
F;BIOS
F;GEOS
F;PHYS
F;BIOS
M;PHYS
M;BIOS
M;MATH
F;MATH
F;BIOS
M;ICT
M;PHYS
M;BIOS
M;BIOS
M;BIOS
F;PHYS
F;BIOS
M;PHYS
M;BIOS
M;PHYS
M;ICT
M;BIOS
F;BIOS
F;BIOS
M;PHYS
F;BIOS
F;GEOS
F;BIOS
F;BIOS
F;CHIM
M;MATH
F;GEOS
M;BIOS
M;MATH
M;BIOS
M;CHIM
M;PHYS
M;BIOS
M;PHYS
F;BIOS
F;BIOS
F;BIOS
F;BIOS
F;BIOS
M;BIOS
M;PHYS
M;BIOS
M;BIOS
M;BIOS
M;GEOS
M;PHYS
F;BIOS
M;PHYS
F;PHYS
F;BIOS
F;GEOS
M;BIOS
F;MATH
M;BIOS
M;MATH
F;BIOS
M;MATH
M;BIOS
F;BIOS
F;BIOS
F;PHYS
M;GEOS
M;MATH
F;BIOS
M;PHYS
M;BIOS
M;BIOS
M;PHYS
M;BIOS
F;PHYS
M;BIOS
F;BIOS
M;BIOS
M;PHYS
M;BIOS
M;CHIM
F;BIOS
F;BIOS
M;PHYS
F;BIOS
M;MATH
M;MATH
F;BIOS
M;PHYS
F;BIOS
F;BIOS
F;BIOS
F;PHYS
M;BIOS
F;BIOS
M;PHYS
F;BIOS
M;PHYS
F;ICT
F;PHYS
M;BIOS
M;GEOS
M;PHYS
F;BIOS
M;BIOS
M;BIOS
F;BIOS
F;BIOS
M;INFO
M;CHIM
F;GEOS
F;BIOS
M;PHYS
M;BIOS
F;BIOS
M;PHYS
F;PHYS
M;PHYS
F;MATH
F;BIOS
M;PHYS
F;BIOS
M;BIOS
M;BIOS
M;PHYS
F;MATH
F;BIOS
M;CHIM
F;CHIM
M;GEOS
M;BIOS
M;GEOS
M;MATH
M;PHYS
F;PHYS
F;BIOS
F;BIOS
F;BIOS
F;CHIM
F;BIOS
M;BIOS
F;BIOS
F;BIOS
M;MATH
M;CHIM
M;MATH
F;BIOS
M;MATH
M;BIOS
M;CHIM
F;BIOS
F;BIOS
F;BIOS
M;BIOS
M;BIOS
M;BIOS
F;BIOS
M;PHYS
M;ICT
F;BIOS
F;BIOS
M;BIOS
M;BIOS
M;PHYS
F;BIOS
M;BIOS
M;PHYS
M;MATH
M;GEOS
M;BIOS
F;BIOS
F;BIOS
F;BIOS
F;BIOS
F;BIOS
F;BIOS
F;BIOS
M;MATH
M;PHYS
M;BIOS
M;BIOS
M;MATH
M;BIOS
F;BIOS
M;PHYS
F;BIOS
F;BIOS
M;BIOS
M;BIOS
F;BIOS
F;BIOS
M;BIOS
M;PHYS
M;BIOS
F;BIOS
F;BIOS
F;BIOS
M;GEOS
M;MATH
M;MATH
M;BIOS
F;BIOS
M;MATH
M;MATH
M;MATH
F;PHYS
M;MATH
M;BIOS
M;PHYS
M;PHYS
F;CHIM
M;PHYS
M;BIOS
M;MATH
M;PHYS
F;BIOS
F;BIOS
M;MATH
F;PHYS
M;MATH
M;CHIM
M;BIOS
F;BIOS
M;BIOS
M;BIOS
M;MATH
M;BIOS
F;GEOS
F;BIOS
M;MATH
F;BIOS
F;BIOS
M;BIOS
M;BIOS
M;PHYS
F;BIOS
M;BIOS
F;PHYS
M;PHYS
F;BIOS
M;CHIM
M;BIOS
F;BIOS
F;BIOS
F;CHIM
M;PHYS
M;GEOS
M;BIOS
F;PHYS
M;CHIM
M;BIOS
F;BIOS
M;PHYS
F;MATH
M;BIOS
M;BIOS
F;BIOS
M;CHIM
M;BIOS
F;CHIM
M;PHYS
M;BIOS
F;BIOS
M;MATH
M;PHYS
M;PHYS
F;MATH
F;PHYS
F;CHIM
M;BIOS
M;BIOS
M;MATH
M;BIOS
F;GEOS
M;BIOS
M;GEOS
M;PHYS
M;PHYS
M;PHYS
M;BIOS
F;PHYS
F;BIOS
M;BIOS
M;BIOS
M;PHYS
M;PHYS
M;PHYS
F;PHYS
M;PHYS
M;BIOS
M;CHIM
F;GEOS
M;MATH
M;BIOS
M;PHYS
M;BIOS
M;BIOS
M;PHYS
M;PHYS
F;BIOS
M;BIOS
F;BIOS
M;CHIM
M;BIOS
F;MATH
M;BIOS
F;ICT
M;PHYS
M;PHYS
M;ICT
M;PHYS
M;MATH
M;PHYS
M;GEOS
M;PHYS
M;MATH
M;GEOS
F;PHYS
F;ICT
M;BIOS
M;PHYS
M;BIOS
M;PHYS
M;PHYS
F;BIOS
F;BIOS
M;PHYS
M;INFO
M;PHYS
F;PHYS
F;CHIM
M;PHYS
F;BIOS
M;MATH
M;BIOS
M;BIOS
F;BIOS
M;PHYS
M;ICT
M;MATH
M;BIOS
F;BIOS
F;BIOS
M;MATH
M;PHYS
M;PHYS
M;BIOS
F;GEOS
F;BIOS
M;PHYS
F;INFO
M;BIOS
F;BIOS
M;BIOS
M;GEOS
M;BIOS
F;BIOS
M;BIOS
F;BIOS
M;INFO
F;BIOS
F;BIOS
M;MATH
M;INFO
M;BIOS
M;PHYS
M;INFO
M;MATH
F;MATH
M;PHYS
M;PHYS
F;BIOS
M;INFO
M;MATH
M;BIOS
M;PHYS
F;CHIM
M;PHYS
M;INFO
F;PHYS
M;PHYS
F;MATH
M;PHYS
M;PHYS
F;CHIM
F;BIOS
F;INFO
M;INFO
M;PHYS
F;BIOS
M;GEOS
M;INFO
F;MATH
F;INFO
M;MATH
M;MATH
M;MATH
M;PHYS
M;ICT
M;MATH
M;MATH
F;BIOS
F;INFO
M;INFO
F;BIOS
M;BIOS
M;PHYS
F;BIOS
F;INFO
M;PHYS
M;MATH
M;PHYS
F;BIOS
F;BIOS
M;PHYS
M;PHYS
F;PHYS
M;PHYS
F;BIOS
M;MATH
F;INFO
M;MATH
M;MATH
F;PHYS
M;PHYS
M;BIOS
M;MATH
M;MATH
F;BIOS
M;INFO
M;INFO
M;PHYS
M;INFO
M;BIOS
F;BIOS
F;MATH
M;PHYS
F;PHYS
F;BIOS
M;INFO
M;BIOS
M;MATH
M;PHYS
M;BIOS
M;INFO
F;BIOS
F;PHYS
M;PHYS
M;MATH
M;INFO
F;BIOS
M;PHYS
M;PHYS
F;BIOS
F;PHYS
F;BIOS
F;CHIM
M;BIOS
M;BIOS
F;BIOS
M;INFO
M;INFO
M;BIOS
F;BIOS
M;BIOS
F;CHIM
F;CHIM
F;BIOS
M;BIOS
M;BIOS
M;MATH
M;MATH
M;CHIM
M;BIOS
M;MATH
M;BIOS
F;BIOS
M;PHYS
F;BIOS
F;BIOS
M;INFO
M;GEOS
M;PHYS
F;BIOS
M;PHYS
F;CHIM
M;PHYS
F;BIOS
M;PHYS
M;PHYS
F;BIOS
M;MATH
M;PHYS
F;BIOS
M;BIOS
M;PHYS
F;PHYS
M;BIOS
M;BIOS
M;BIOS
F;BIOS
M;BIOS
M;GEOS
F;BIOS
F;BIOS
F;CHIM
M;MATH
M;PHYS
F;PHYS
M;ICT
F;BIOS
M;PHYS
M;GEOS
M;BIOS
M;MATH
F;CHIM
M;BIOS
F;PHYS
M;BIOS
M;CHIM
M;BIOS
M;CHIM
M;ICT
F;BIOS
M;GEOS
M;CHIM
M;CHIM
M;BIOS
F;BIOS
F;BIOS
M;PHYS
F;INFO
F;BIOS
M;PHYS
M;CHIM
M;MATH
M;MATH
M;PHYS
F;BIOS
M;PHYS
M;BIOS
F;BIOS
M;BIOS
F;PHYS
M;MATH
M;CHIM
M;BIOS
M;PHYS
M;BIOS
M;CHIM
F;PHYS
M;BIOS
M;BIOS
F;PHYS
M;MATH
M;BIOS
F;BIOS
F;BIOS
M;BIOS
M;MATH
M;PHYS
M;PHYS
F;BIOS
F;BIOS
F;CHIM
M;PHYS
M;CHIM
M;CHIM
M;PHYS
M;PHYS
M;MATH
F;BIOS
F;BIOS
M;BIOS
F;BIOS
M;MATH
M;BIOS
M;BIOS
M;PHYS
M;MATH
F;BIOS
M;BIOS
M;BIOS
M;MATH
F;BIOS
F;BIOS
M;BIOS
M;GEOS
F;CHIM
M;PHYS
F;GEOS
M;MATH
M;CHIM
M;PHYS
M;BIOS
F;BIOS
M;BIOS
F;PHYS
F;CHIM
F;BIOS
M;BIOS
M;MATH
M;PHYS
M;PHYS
F;BIOS
M;GEOS
F;BIOS
M;PHYS
M;BIOS
M;BIOS
M;MATH
F;PHYS
M;BIOS
M;CHIM
M;BIOS
M;BIOS
M;PHYS
M;PHYS
M;PHYS
F;CHIM
F;BIOS
M;PHYS
M;CHIM
M;BIOS
F;BIOS
F;BIOS
M;BIOS
F;BIOS
M;PHYS
F;BIOS
F;PHYS
F;BIOS
F;BIOS
M;PHYS
M;MATH
M;PHYS
F;BIOS
M;PHYS
M;BIOS
M;PHYS
F;BIOS
M;BIOS
M;PHYS
M;GEOS
F;GEOS
F;BIOS
M;MATH
M;BIOS
M;MATH
M;PHYS
F;BIOS
F;PHYS
M;GEOS
M;PHYS
M;GEOS
F;MATH
F;PHYS
F;BIOS
F;BIOS
F;BIOS
M;PHYS
F;PHYS
M;GEOS
M;PHYS
M;PHYS
F;PHYS
M;CHIM
M;GEOS
F;BIOS
M;BIOS
F;PHYS
F;BIOS
M;PHYS
M;BIOS
F;PHYS
M;PHYS
M;BIOS
M;BIOS
M;MATH
M;PHYS
F;BIOS
M;MATH
F;BIOS
F;ICT
M;BIOS
M;CHIM
F;BIOS
F;BIOS
M;CHIM
F;BIOS
M;PHYS
M;MATH
F;BIOS
M;MATH
M;BIOS
F;PHYS
M;BIOS
F;BIOS
M;BIOS
M;BIOS
F;PHYS
M;BIOS
M;BIOS
F;GEOS
F;BIOS
M;BIOS
M;BIOS
M;GEOS
M;INFO
M;BIOS
F;BIOS
M;PHYS
M;GEOS
M;MATH
M;PHYS
M;BIOS
M;PHYS
F;BIOS
F;GEOS
F;BIOS
M;MATH
M;PHYS
M;BIOS
F;CHIM
M;PHYS
F;PHYS
M;PHYS
M;BIOS
F;BIOS
M;BIOS
M;PHYS
F;MATH
F;BIOS
F;BIOS
F;BIOS
M;PHYS
F;BIOS
M;BIOS
M;CHIM
M;BIOS
F;GEOS
F;GEOS
M;BIOS
M;BIOS
M;BIOS
M;BIOS
M;ICT
M;PHYS
M;BIOS
M;PHYS
F;BIOS
M;PHYS
F;BIOS
M;BIOS
F;BIOS
M;PHYS
M;BIOS
F;GEOS
M;MATH
F;CHIM
F;BIOS
M;PHYS
F;BIOS
M;PHYS
M;BIOS
F;ICT
M;PHYS
F;BIOS
M;BIOS
F;MATH
M;PHYS
M;PHYS
F;BIOS
F;BIOS
M;BIOS
F;BIOS
M;BIOS
M;BIOS
F;BIOS
F;BIOS
F;BIOS
M;BIOS
F;BIOS
F;BIOS
M;MATH
F;GEOS
F;PHYS
F;BIOS
F;BIOS
M;MATH
M;BIOS
F;BIOS
M;BIOS
F;BIOS
M;GEOS
F;BIOS
M;BIOS
M;PHYS
M;BIOS
M;BIOS
M;BIOS
M;PHYS
F;BIOS
F;BIOS
M;PHYS
F;BIOS
M;MATH
F;BIOS
M;PHYS
F;BIOS
M;BIOS
F;GEOS
F;BIOS
M;BIOS
M;GEOS
M;PHYS
M;MATH
F;BIOS
F;GEOS
M;GEOS
F;BIOS
M;BIOS
M;PHYS
M;BIOS
M;PHYS
M;PHYS
F;CHIM
F;CHIM
M;PHYS
F;MATH
M;GEOS
F;CHIM
F;BIOS
M;BIOS
F;BIOS
M;GEOS
M;BIOS
F;BIOS
M;MATH
M;PHYS
M;BIOS
M;BIOS
M;BIOS
M;CHIM
F;PHYS
M;MATH
F;BIOS
M;BIOS
M;MATH
F;PHYS
M;BIOS
M;BIOS
F;PHYS
F;BIOS
F;BIOS
M;BIOS
F;BIOS
M;CHIM
M;BIOS
F;BIOS
M;MATH
M;BIOS
M;PHYS
M;BIOS
M;PHYS
M;BIOS
M;MATH
F;BIOS
M;INFO
F;CHIM
F;PHYS
M;MATH
M;MATH
M;GEOS
F;MATH
F;CHIM
M;BIOS
M;PHYS
M;PHYS
F;BIOS
M;GEOS
M;CHIM
M;BIOS
F;BIOS
F;BIOS
M;CHIM
F;BIOS
M;BIOS
M;BIOS
M;BIOS
M;GEOS
M;CHIM
F;BIOS
F;BIOS
M;BIOS
M;GEOS
F;BIOS
M;CHIM
M;MATH
M;PHYS
M;BIOS
M;MATH
F;BIOS
F;BIOS
M;CHIM
M;INFO
M;MATH
F;CHIM
F;BIOS
F;GEOS
M;BIOS
M;PHYS
M;BIOS
F;BIOS
F;GEOS
M;PHYS
F;BIOS
M;BIOS
F;BIOS
F;CHIM
M;GEOS
F;BIOS
M;PHYS
F;PHYS
F;PHYS
M;BIOS
M;CHIM
M;PHYS
F;BIOS
F;BIOS
M;CHIM
F;BIOS
F;PHYS
F;MATH
M;PHYS
M;PHYS
M;BIOS
F;BIOS
M;CHIM
M;BIOS
M;BIOS
F;BIOS
M;PHYS
M;PHYS
F;BIOS
F;BIOS
M;CHIM
F;BIOS
M;PHYS
F;PHYS
F;CHIM
M;CHIM
M;BIOS
F;CHIM
F;BIOS
F;PHYS
F;GEOS
F;BIOS
F;PHYS
M;BIOS
F;BIOS
M;BIOS
M;CHIM
M;PHYS
M;BIOS
F;CHIM
M;CHIM
M;BIOS
F;BIOS
M;BIOS
F;BIOS
M;CHIM
M;MATH
M;BIOS
M;BIOS
F;GEOS
M;BIOS
F;BIOS
M;BIOS
F;BIOS
M;BIOS
F;PHYS
M;GEOS
F;BIOS
M;BIOS
F;PHYS
M;BIOS
F;BIOS
M;CHIM
M;PHYS
F;BIOS
M;PHYS
M;BIOS
F;BIOS
M;MATH
M;INFO
M;BIOS
M;INFO
M;MATH
M;MATH
F;PHYS
M;MATH
M;BIOS
M;INFO
F;PHYS
M;BIOS
M;INFO
F;PHYS
M;MATH
M;PHYS
M;MATH
M;MATH
M;INFO
F;PHYS
M;INFO
M;MATH
M;PHYS
M;PHYS
M;INFO
F;BIOS
M;PHYS
M;MATH
M;MATH
F;PHYS
F;INFO
M;CHIM
M;INFO
F;ICT
M;BIOS
F;BIOS
F;BIOS
F;PHYS
M;INFO
M;MATH
M;INFO
F;PHYS
M;PHYS
M;MATH
M;MATH
M;GEOS
F;PHYS
M;INFO
M;MATH
M;BIOS
M;INFO
M;INFO
F;CHIM
M;BIOS
M;INFO
M;MATH
F;PHYS
M;INFO
M;PHYS
M;PHYS
M;PHYS
M;ICT
F;MATH
M;INFO
M;INFO
M;BIOS
M;INFO
F;BIOS
F;BIOS
F;BIOS
M;INFO
F;BIOS
M;BIOS
M;PHYS
M;MATH
M;INFO
M;INFO
F;INFO
F;INFO
M;BIOS
F;PHYS
M;BIOS
M;PHYS
M;MATH
M;BIOS
M;MATH
F;BIOS
F;BIOS
M;BIOS
M;BIOS
M;ICT
M;MATH
F;PHYS
F;BIOS
M;BIOS
M;CHIM
M;MATH
F;BIOS
F;BIOS
M;GEOS
M;BIOS
M;BIOS
M;BIOS
F;BIOS
M;BIOS
F;PHYS
M;ICT
M;CHIM
F;BIOS
F;BIOS
M;BIOS
M;MATH
M;CHIM
F;BIOS
M;GEOS
M;BIOS
F;BIOS
F;PHYS
M;PHYS
F;BIOS
M;PHYS
F;BIOS
M;BIOS
F;BIOS
M;BIOS
M;MATH
F;BIOS
F;BIOS
M;BIOS
F;PHYS
M;BIOS
F;GEOS
F;BIOS
F;BIOS
M;BIOS
F;BIOS
M;BIOS
M;PHYS
F;BIOS
F;GEOS
M;BIOS
M;BIOS
M;GEOS
M;BIOS
M;CHIM
F;BIOS
F;BIOS
M;MATH
M;BIOS
M;BIOS
F;BIOS
F;BIOS
F;BIOS
M;BIOS
M;BIOS
F;INFO
M;BIOS
F;BIOS
F;BIOS
F;BIOS
F;GEOS
F;BIOS
M;CHIM
F;BIOS
F;BIOS
M;ICT
F;BIOS
F;BIOS
M;MATH
M;GEOS
F;BIOS
F;CHIM
M;INFO
M;BIOS
F;BIOS
M;BIOS
F;BIOS
F;BIOS
M;BIOS
F;BIOS
M;BIOS
F;BIOS
M;PHYS
M;MATH
F;BIOS
F;BIOS
M;BIOS
M;GEOS
F;CHIM
M;PHYS
M;MATH
M;CHIM
M;BIOS
M;PHYS
M;BIOS
F;BIOS
M;PHYS
M;GEOS
M;CHIM
M;BIOS
F;BIOS
M;BIOS
F;PHYS
F;BIOS
M;GEOS
F;GEOS
F;BIOS
F;BIOS
F;BIOS
F;PHYS
F;BIOS
M;PHYS
M;BIOS
F;GEOS
M;MATH
F;BIOS
M;CHIM
F;CHIM
F;BIOS
F;BIOS
F;BIOS
F;BIOS
F;BIOS
M;PHYS
M;PHYS
M;MATH
F;BIOS
M;BIOS
F;GEOS
F;PHYS
F;CHIM
F;BIOS
F;CHIM
M;PHYS
F;BIOS
M;GEOS
F;PHYS
M;BIOS
M;BIOS
M;BIOS
F;BIOS
M;BIOS
M;INFO
M;BIOS
F;PHYS
F;BIOS
M;BIOS
F;GEOS
F;BIOS
F;PHYS
F;BIOS
F;GEOS
F;BIOS
F;CHIM
M;PHYS
F;BIOS
M;PHYS
M;CHIM
F;BIOS
F;BIOS
M;PHYS
M;GEOS
F;MATH
M;BIOS
F;BIOS
F;PHYS
M;BIOS
M;PHYS
M;BIOS
M;BIOS
F;BIOS
F;PHYS
M;PHYS
M;PHYS
M;BIOS
M;PHYS
M;BIOS
M;MATH
F;BIOS
M;CHIM
M;CHIM
F;BIOS
M;MATH
F;CHIM
M;PHYS
M;MATH
F;BIOS
F;BIOS
M;BIOS
M;BIOS
F;MATH
M;GEOS
F;BIOS
F;PHYS
M;BIOS
M;BIOS
M;BIOS
M;PHYS
M;GEOS
M;MATH
F;BIOS
M;BIOS
F;BIOS
F;BIOS
F;BIOS
F;BIOS
F;BIOS
M;BIOS
M;BIOS
M;BIOS
F;BIOS
M;GEOS
F;BIOS
M;PHYS
M;BIOS
M;PHYS
M;PHYS
F;BIOS
M;MATH
M;BIOS
M;CHIM
M;GEOS
M;PHYS
M;MATH
M;CHIM
M;CHIM
F;BIOS
M;PHYS
M;PHYS
F;BIOS
F;CHIM
M;BIOS
F;PHYS
M;MATH
M;BIOS
M;BIOS
F;BIOS
M;BIOS
M;BIOS
F;BIOS
M;PHYS
F;CHIM
M;BIOS
M;BIOS
M;BIOS
M;ICT
F;BIOS
F;BIOS
M;BIOS
F;BIOS
M;PHYS
F;MATH
M;BIOS
M;BIOS
M;BIOS
M;BIOS
M;PHYS
M;BIOS
M;PHYS
M;PHYS
M;BIOS
F;ICT
M;BIOS
M;CHIM
M;MATH
M;CHIM
M;BIOS
F;GEOS
F;BIOS
M;MATH
M;PHYS
F;BIOS
M;BIOS
M;BIOS
M;BIOS
M;PHYS
M;ICT
M;PHYS
F;PHYS
M;BIOS
M;BIOS
M;BIOS
M;GEOS
M;BIOS
M;CHIM
M;MATH
F;BIOS
M;GEOS
M;BIOS
F;BIOS
M;ICT
M;PHYS
F;CHIM
M;PHYS
F;MATH
F;BIOS
M;CHIM
F;BIOS
F;BIOS
F;BIOS
F;BIOS
M;BIOS
M;BIOS
F;BIOS
F;BIOS
M;BIOS
M;PHYS
F;BIOS
M;MATH
M;PHYS
M;PHYS
M;BIOS
F;BIOS
F;BIOS
F;BIOS
M;CHIM
F;PHYS
F;BIOS
F;BIOS
M;BIOS
M;GEOS
M;PHYS
M;BIOS
M;MATH
F;BIOS
F;GEOS
F;BIOS
F;BIOS
M;ICT
M;PHYS
M;BIOS
M;MATH
M;MATH
F;BIOS
M;PHYS
M;PHYS
M;BIOS
F;BIOS
F;PHYS
F;BIOS
F;GEOS
M;PHYS
F;BIOS
M;BIOS
M;BIOS
M;PHYS
M;BIOS
M;PHYS
M;BIOS
F;PHYS
M;GEOS
M;GEOS
M;GEOS
F;BIOS
F;GEOS
M;PHYS
M;BIOS
M;PHYS
M;PHYS
F;MATH
M;PHYS
M;PHYS
F;CHIM
M;PHYS
M;BIOS
M;PHYS
M;PHYS
M;GEOS
F;GEOS
M;BIOS
M;CHIM
M;BIOS
M;PHYS
F;BIOS
M;BIOS
M;PHYS
F;BIOS
M;BIOS
M;BIOS
F;CHIM
M;MATH
F;BIOS
M;BIOS
M;MATH
M;BIOS
M;BIOS
F;BIOS
F;BIOS
M;BIOS
M;CHIM
F;GEOS
F;CHIM
M;ICT
F;PHYS
F;BIOS
F;GEOS
M;GEOS
F;GEOS
M;PHYS
M;MATH
F;PHYS
M;BIOS
M;BIOS
F;BIOS
F;BIOS
M;GEOS
M;MATH
F;BIOS
F;PHYS
M;MATH
M;CHIM
M;BIOS
F;GEOS
F;BIOS
M;PHYS
M;BIOS
M;BIOS
F;GEOS
M;BIOS
F;GEOS
F;BIOS
M;PHYS
F;BIOS
M;MATH
M;BIOS
M;ICT
F;BIOS
F;BIOS
F;BIOS
M;CHIM
F;BIOS
M;BIOS
F;BIOS
M;INFO
M;MATH
M;BIOS
F;BIOS
F;BIOS
M;PHYS
M;BIOS
M;PHYS
F;BIOS
F;BIOS
F;BIOS
F;CHIM
M;ICT
F;BIOS
F;BIOS
M;PHYS
M;MATH
M;BIOS
F;BIOS
M;BIOS
F;BIOS
F;GEOS
M;CHIM
F;BIOS
M;CHIM
F;BIOS
F;BIOS
M;PHYS
F;BIOS
M;BIOS
F;BIOS
F;GEOS
M;BIOS
M;CHIM
M;MATH
M;MATH
F;BIOS
F;BIOS
M;MATH
M;BIOS
M;PHYS
F;BIOS
M;MATH
F;BIOS
M;PHYS
F;BIOS
M;BIOS
F;BIOS
M;GEOS
F;BIOS
M;GEOS
M;PHYS
M;PHYS
M;BIOS
M;GEOS
M;BIOS
F;BIOS
M;PHYS
M;BIOS
M;BIOS
M;BIOS
F;BIOS
F;MATH
M;BIOS
M;CHIM
M;PHYS
M;BIOS
F;BIOS
F;BIOS
M;BIOS
F;BIOS
M;BIOS
M;PHYS
M;GEOS
M;BIOS
M;BIOS
M;CHIM
M;BIOS
M;GEOS
M;INFO
M;PHYS
M;BIOS
F;BIOS
F;PHYS
F;BIOS
M;PHYS
M;CHIM
M;PHYS
F;BIOS
M;BIOS
M;PHYS
M;MATH
M;PHYS
F;BIOS
F;BIOS
M;BIOS
M;MATH
M;BIOS
F;CHIM
M;MATH
F;MATH
M;BIOS
M;BIOS
M;CHIM
F;GEOS
M;MATH
F;CHIM
F;CHIM
M;INFO
M;BIOS
F;MATH
F;BIOS
F;BIOS
F;MATH
F;PHYS
F;BIOS
F;PHYS
M;MATH
M;PHYS
M;BIOS
F;PHYS
M;MATH
M;MATH
M;PHYS
F;BIOS
M;BIOS
M;BIOS
M;INFO
M;PHYS
F;MATH
M;BIOS
M;PHYS
M;INFO
M;INFO
M;PHYS
F;BIOS
M;MATH
F;PHYS
M;MATH
M;INFO
F;PHYS
M;INFO
M;BIOS
M;PHYS
F;MATH
M;INFO
M;MATH
F;BIOS
M;INFO
M;INFO
M;PHYS
M;MATH
M;BIOS
M;BIOS
M;MATH
F;INFO
M;MATH
F;MATH
M;MATH
F;INFO
M;PHYS
F;MATH
M;INFO
F;PHYS
F;MATH
M;MATH
M;MATH
F;MATH
M;MATH
M;MATH
M;MATH
F;BIOS
M;ICT
M;BIOS
F;BIOS
F;BIOS
F;CHIM
F;BIOS
F;PHYS
F;BIOS
F;CHIM
F;BIOS
F;CHIM
M;MATH
F;PHYS
M;BIOS
F;BIOS
M;ICT
M;PHYS
F;MATH
F;MATH
F;BIOS
F;BIOS
F;CHIM
F;MATH
F;BIOS
F;GEOS
M;BIOS
F;CHIM
M;MATH
M;CHIM
M;BIOS
M;BIOS
M;BIOS
F;PHYS
M;BIOS
F;BIOS
F;BIOS
F;PHYS
F;BIOS
M;GEOS
F;BIOS
M;PHYS
F;CHIM
M;GEOS
M;CHIM
F;BIOS
F;BIOS
M;GEOS
M;BIOS
F;BIOS
M;BIOS
M;GEOS
F;BIOS
F;BIOS
M;BIOS
M;BIOS
M;ICT
F;BIOS
F;BIOS
F;BIOS
F;BIOS
M;BIOS
M;INFO
M;PHYS
M;PHYS
M;BIOS
M;BIOS
F;GEOS
M;BIOS
M;CHIM
F;BIOS
F;BIOS
F;BIOS
F;BIOS
F;CHIM
F;BIOS
F;BIOS
F;CHIM
M;BIOS
M;BIOS
M;PHYS
M;MATH
F;CHIM
M;PHYS
M;BIOS
M;PHYS
M;PHYS
F;BIOS
F;BIOS
M;PHYS
F;MATH
F;BIOS
M;BIOS
M;ICT
M;MATH
M;BIOS
F;BIOS
F;BIOS
F;BIOS
M;BIOS
M;GEOS
F;GEOS
M;MATH
M;PHYS
M;BIOS
M;PHYS
F;PHYS
M;CHIM
F;GEOS
M;BIOS
F;BIOS
F;PHYS
F;BIOS
F;CHIM
M;INFO
M;MATH
M;BIOS
M;BIOS
F;BIOS
M;BIOS
F;BIOS
F;CHIM
M;PHYS
M;CHIM
F;MATH
F;BIOS
F;PHYS
M;BIOS
F;BIOS
M;GEOS
F;ICT
F;PHYS
F;BIOS
M;BIOS
F;BIOS
F;ICT
M;MATH
M;BIOS
M;INFO
M;BIOS
M;GEOS
M;BIOS
F;BIOS
M;BIOS
M;MATH
F;PHYS
F;BIOS
M;BIOS
F;MATH
F;BIOS
M;BIOS
F;CHIM
M;MATH
F;BIOS
M;BIOS
M;MATH
F;ICT
M;GEOS
M;BIOS
F;BIOS
F;BIOS
F;BIOS
F;PHYS
M;INFO
F;BIOS
M;BIOS
M;CHIM
M;BIOS
M;BIOS
M;BIOS
F;BIOS
M;GEOS
M;PHYS
F;BIOS
F;BIOS
M;BIOS
M;BIOS
F;BIOS
F;BIOS
F;PHYS
M;BIOS
M;PHYS
F;BIOS
M;BIOS
F;BIOS
M;BIOS
M;PHYS
M;BIOS
M;CHIM
F;BIOS
F;BIOS
M;BIOS
M;GEOS
M;MATH
M;GEOS
M;CHIM
F;BIOS
M;BIOS
F;MATH
M;ICT
F;GEOS
M;PHYS
F;BIOS
M;PHYS
F;MATH
M;BIOS
M;BIOS
F;ICT
F;PHYS
F;BIOS
M;PHYS
F;BIOS
M;PHYS
M;PHYS
M;PHYS
F;BIOS
F;BIOS
F;CHIM
M;BIOS
M;CHIM
F;BIOS
M;PHYS
M;BIOS
M;PHYS
F;BIOS
M;CHIM
M;GEOS
M;BIOS
F;BIOS
M;PHYS
M;BIOS
M;PHYS
M;GEOS
M;BIOS
F;BIOS
M;MATH
F;BIOS
F;BIOS
F;BIOS
M;BIOS
F;BIOS
F;BIOS
M;MATH
F;BIOS
F;BIOS
M;GEOS
M;BIOS
M;CHIM
F;MATH
M;MATH
F;PHYS
M;ICT
F;BIOS
M;PHYS
M;BIOS
F;MATH
M;PHYS
M;BIOS
M;BIOS
M;PHYS
F;CHIM
M;PHYS
M;GEOS
M;BIOS
M;BIOS
M;PHYS
M;BIOS
M;PHYS
M;MATH
M;GEOS
M;BIOS
F;BIOS
M;MATH
F;CHIM
M;INFO
F;BIOS
M;PHYS
F;BIOS
F;BIOS
F;BIOS
M;MATH
M;BIOS
F;BIOS
M;CHIM
M;BIOS
F;GEOS
F;BIOS
F;PHYS
M;BIOS
M;BIOS
F;BIOS
F;PHYS
M;MATH
F;PHYS
F;PHYS
M;BIOS
F;BIOS
M;BIOS
F;MATH
M;BIOS
M;BIOS
F;BIOS
F;BIOS
F;BIOS
M;BIOS
M;PHYS
F;BIOS
M;PHYS
M;BIOS
F;BIOS
F;CHIM
F;BIOS
M;BIOS
M;BIOS
M;PHYS
M;BIOS
F;CHIM
F;BIOS
M;PHYS
M;GEOS
M;MATH
F;BIOS
M;PHYS
M;MATH
F;GEOS
M;GEOS
M;PHYS
M;PHYS
M;BIOS
F;BIOS
F;GEOS
F;BIOS
F;INFO
F;BIOS
M;BIOS
M;CHIM
M;BIOS
F;BIOS
F;CHIM
M;PHYS
F;BIOS
M;BIOS
M;CHIM
M;CHIM
M;PHYS
M;PHYS
F;BIOS
M;PHYS
M;BIOS
M;BIOS
F;BIOS
F;BIOS
M;CHIM
F;PHYS
F;MATH
F;BIOS
F;BIOS
F;CHIM
M;PHYS
F;BIOS
M;PHYS
M;CHIM
F;MATH
F;BIOS
M;PHYS
M;PHYS
M;MATH
M;GEOS
M;BIOS
F;BIOS
F;BIOS
F;PHYS
F;BIOS
M;BIOS
F;PHYS
M;ICT
M;BIOS
M;BIOS
M;BIOS
M;BIOS
M;BIOS
F;CHIM
M;PHYS
F;BIOS
M;BIOS
M;PHYS
M;BIOS
M;BIOS
M;BIOS
M;GEOS
F;BIOS
F;BIOS
F;BIOS
M;BIOS
F;BIOS
F;BIOS
F;BIOS
M;CHIM
M;BIOS
F;BIOS
M;PHYS
F;BIOS
M;BIOS
M;BIOS
M;CHIM
F;BIOS
F;BIOS
M;PHYS
M;BIOS
M;CHIM
F;PHYS
M;PHYS
F;BIOS
F;GEOS
M;BIOS
F;PHYS
M;BIOS
F;GEOS
M;CHIM
M;BIOS
F;BIOS
M;MATH
F;BIOS
F;BIOS
F;BIOS
M;BIOS
M;MATH
F;BIOS
M;CHIM
M;PHYS
M;BIOS
F;BIOS
F;BIOS
F;BIOS
M;GEOS
M;MATH
M;BIOS
F;BIOS
M;ICT
M;MATH
F;MATH
M;BIOS
F;BIOS
F;BIOS
M;BIOS
M;BIOS
M;PHYS
F;BIOS
F;CHIM
F;BIOS
F;PHYS
F;PHYS
F;PHYS
F;BIOS
M;BIOS
M;BIOS
M;MATH
F;BIOS
F;CHIM
M;BIOS
F;BIOS
F;BIOS
M;BIOS
M;PHYS
M;MATH
M;BIOS
F;BIOS
M;BIOS
M;MATH
M;PHYS
F;PHYS
M;BIOS
F;BIOS
M;INFO
F;CHIM
M;BIOS
F;PHYS
F;PHYS
M;CHIM
M;BIOS
F;BIOS
F;BIOS
F;BIOS
M;GEOS
F;BIOS
M;PHYS
F;PHYS
M;PHYS
M;BIOS
M;PHYS
F;BIOS
F;BIOS
F;INFO
F;MATH
F;MATH
F;MATH
M;MATH
F;MATH
M;MATH
M;INFO
M;MATH
M;INFO
M;MATH
F;PHYS
F;BIOS
M;PHYS
M;INFO
M;PHYS
F;INFO
F;INFO
M;BIOS
M;PHYS
M;BIOS
M;MATH
F;BIOS
F;BIOS
M;INFO
M;MATH
M;ICT
M;MATH
M;PHYS
M;INFO
M;GEOS
M;CHIM
M;MATH
M;MATH
M;INFO
M;BIOS
M;MATH
M;BIOS
M;PHYS
M;INFO
M;BIOS
F;PHYS
F;MATH
F;MATH
F;BIOS
F;BIOS
M;INFO
F;BIOS
F;INFO
M;MATH
F;INFO
F;BIOS
M;PHYS
F;MATH
F;INFO
M;PHYS
M;CHIM
M;MATH
M;MATH
F;MATH
M;MATH
F;BIOS
F;BIOS
M;BIOS
M;BIOS
F;BIOS
M;CHIM
F;GEOS
M;BIOS
F;PHYS
F;PHYS
M;PHYS
F;BIOS
M;MATH
M;BIOS
M;CHIM
F;BIOS
F;CHIM
M;CHIM
F;BIOS
M;BIOS
F;BIOS
M;GEOS
F;CHIM
M;BIOS
M;PHYS
F;BIOS
M;MATH
M;BIOS
M;ICT
M;BIOS
M;PHYS
M;ICT
M;BIOS
M;INFO
M;CHIM
F;BIOS
F;GEOS
F;BIOS
F;BIOS
M;BIOS
F;CHIM
F;BIOS
M;BIOS
M;BIOS
M;CHIM
M;BIOS
M;MATH
M;PHYS
F;BIOS
M;MATH
M;BIOS
M;BIOS
M;BIOS
F;MATH
M;PHYS
M;PHYS
F;MATH
M;PHYS
M;BIOS
M;BIOS
F;BIOS
M;PHYS
M;PHYS
F;BIOS
F;BIOS
F;BIOS
M;PHYS
F;GEOS
F;BIOS
M;CHIM
M;CHIM
M;BIOS
F;BIOS
M;BIOS
M;PHYS
M;CHIM
M;GEOS
F;BIOS
M;BIOS
M;PHYS
M;PHYS
F;GEOS
M;BIOS
M;BIOS
M;PHYS
F;MATH
M;CHIM
F;PHYS
F;BIOS
M;GEOS
M;PHYS
F;CHIM
M;CHIM
F;BIOS
F;BIOS
M;GEOS
M;BIOS
M;MATH
F;BIOS
M;PHYS
F;BIOS
M;CHIM
M;BIOS
F;BIOS
F;BIOS
M;MATH
F;BIOS
F;BIOS
M;BIOS
M;BIOS
M;BIOS
M;BIOS
F;GEOS
M;PHYS
F;CHIM
M;PHYS
M;PHYS
F;BIOS
M;MATH
M;PHYS
M;PHYS
M;BIOS
M;MATH
M;BIOS
M;MATH
F;CHIM
M;BIOS
M;GEOS
F;GEOS
F;BIOS
M;INFO
F;CHIM
M;PHYS
M;CHIM
F;CHIM
F;CHIM
F;BIOS
F;BIOS
F;CHIM
M;GEOS
M;BIOS
M;GEOS
F;BIOS
F;CHIM
M;PHYS
M;GEOS
M;MATH
F;BIOS
F;GEOS
M;BIOS
F;PHYS
M;MATH
F;BIOS
M;PHYS
M;BIOS
F;BIOS
M;BIOS
F;BIOS
M;PHYS
F;MATH
F;BIOS
F;BIOS
M;BIOS
M;BIOS
M;PHYS
M;PHYS
F;BIOS
M;PHYS
M;PHYS
M;PHYS
M;CHIM
M;BIOS
M;BIOS
F;BIOS
F;BIOS
M;BIOS
M;BIOS
M;CHIM
F;BIOS
M;BIOS
M;MATH
F;BIOS
M;BIOS
M;MATH
F;CHIM
M;BIOS
M;GEOS
M;BIOS
M;INFO
F;BIOS
F;BIOS
M;PHYS
M;BIOS
F;BIOS
M;BIOS
M;MATH
F;BIOS
M;BIOS
F;BIOS
F;PHYS
M;ICT
M;BIOS
F;GEOS
F;BIOS
F;PHYS
M;PHYS
M;BIOS
M;ICT
M;MATH
F;GEOS
M;BIOS
M;BIOS
F;BIOS
F;BIOS
M;BIOS
F;BIOS
M;BIOS
M;PHYS
M;BIOS
M;ICT
M;PHYS
M;BIOS
M;BIOS
M;GEOS
M;INFO
M;BIOS
F;CHIM
M;BIOS
M;BIOS
M;BIOS
M;BIOS
M;BIOS
F;BIOS
F;BIOS
F;BIOS
F;PHYS
M;BIOS
F;BIOS
F;PHYS
M;GEOS
F;BIOS
F;BIOS
M;BIOS
F;BIOS
M;PHYS
F;PHYS
F;BIOS
M;BIOS
M;BIOS
M;GEOS
M;CHIM
M;BIOS
M;PHYS
F;BIOS
M;PHYS
M;CHIM
F;INFO
F;BIOS
M;BIOS
M;PHYS
M;GEOS
M;BIOS
M;BIOS
M;PHYS
M;PHYS
M;BIOS
M;BIOS
F;BIOS
F;CHIM
F;BIOS
M;BIOS
F;BIOS
F;CHIM
M;MATH
M;BIOS
M;BIOS
M;INFO
F;MATH
M;BIOS
M;BIOS
M;BIOS
M;MATH
M;BIOS
M;PHYS
F;BIOS
F;BIOS
M;BIOS
F;CHIM
F;BIOS
M;BIOS
M;BIOS
F;BIOS
M;PHYS
F;BIOS
M;MATH
M;BIOS
M;MATH
F;BIOS
M;MATH
M;BIOS
F;BIOS
M;BIOS
F;BIOS
M;MATH
F;BIOS
M;BIOS
M;BIOS
F;MATH
M;BIOS
M;BIOS
M;CHIM
M;BIOS
M;MATH
M;PHYS
M;CHIM
M;GEOS
M;GEOS
F;PHYS
M;BIOS
F;BIOS
M;BIOS
M;PHYS
F;BIOS
F;BIOS
M;BIOS
M;BIOS
M;PHYS
M;CHIM
M;BIOS
M;BIOS
F;BIOS
M;CHIM
F;CHIM
F;BIOS
M;PHYS
F;BIOS
F;CHIM
F;PHYS
M;BIOS
M;BIOS
F;BIOS
M;MATH
F;BIOS
F;BIOS
M;PHYS
M;PHYS
M;BIOS
M;PHYS
M;BIOS
M;CHIM
F;GEOS
F;CHIM
M;ICT
M;GEOS
F;BIOS
F;GEOS
F;BIOS
F;BIOS
M;MATH
F;ICT
F;BIOS
F;BIOS
F;BIOS
F;BIOS
M;PHYS
M;BIOS
F;GEOS
M;ICT
F;CHIM
M;PHYS
F;CHIM
M;MATH
M;BIOS
M;BIOS
M;BIOS
M;GEOS
F;MATH
F;BIOS
F;BIOS
F;BIOS
F;BIOS
M;BIOS
M;BIOS
M;BIOS
F;BIOS
F;BIOS
F;BIOS
M;PHYS
M;BIOS
F;BIOS
F;CHIM
M;BIOS
F;BIOS
F;BIOS
F;BIOS
M;INFO
M;CHIM
F;BIOS
F;BIOS
M;BIOS
M;MATH
F;CHIM
M;PHYS
F;BIOS
M;BIOS
F;BIOS
F;BIOS
M;BIOS
F;BIOS
M;BIOS
M;BIOS
F;BIOS
M;PHYS
F;PHYS
M;CHIM
M;BIOS
M;PHYS
M;CHIM
M;ICT
M;PHYS
M;GEOS
F;BIOS
M;GEOS
M;BIOS
F;CHIM
M;BIOS
M;BIOS
M;BIOS
F;BIOS
M;PHYS
F;CHIM
F;BIOS
M;BIOS
F;PHYS
M;GEOS
F;MATH
M;CHIM
M;BIOS
F;BIOS
F;PHYS
M;PHYS
M;BIOS
M;BIOS
F;BIOS
M;BIOS
M;BIOS
M;BIOS
M;BIOS
M;CHIM
F;GEOS
M;BIOS
F;BIOS
F;CHIM
M;PHYS
M;BIOS
M;PHYS
M;BIOS
M;BIOS
M;GEOS
M;GEOS
M;BIOS
F;BIOS
F;BIOS
F;MATH
M;INFO
M;MATH
F;PHYS
F;PHYS
F;PHYS
M;INFO
M;INFO
M;PHYS
M;INFO
F;CHIM
M;MATH
M;INFO
M;PHYS
M;BIOS
M;PHYS
F;INFO
M;MATH
M;MATH
F;PHYS
M;MATH
M;INFO
F;CHIM
M;MATH
F;CHIM
M;MATH
F;INFO
M;INFO
M;MATH
M;PHYS
M;MATH
M;BIOS
F;PHYS
M;BIOS
F;PHYS
M;INFO
F;MATH
M;CHIM
M;GEOS
F;INFO
M;PHYS
M;MATH
M;BIOS
M;PHYS
M;MATH
M;MATH
F;PHYS
F;BIOS
F;INFO
M;PHYS
F;BIOS
F;CHIM
M;INFO
M;MATH
M;INFO
M;MATH
M;MATH
F;BIOS
F;BIOS
F;INFO
F;BIOS
M;PHYS
M;PHYS
F;BIOS
F;BIOS
M;MATH
M;PHYS
M;PHYS
M;MATH
F;BIOS
F;MATH
M;PHYS
F;BIOS
M;BIOS
M;INFO
M;BIOS
F;PHYS
F;MATH
F;BIOS
M;BIOS
M;BIOS
F;BIOS
M;BIOS
M;MATH
M;BIOS
M;MATH
F;BIOS
F;BIOS
F;BIOS
M;GEOS
M;BIOS
F;BIOS
M;BIOS
M;BIOS
M;BIOS
F;BIOS
M;BIOS
F;PHYS
F;BIOS
F;BIOS
F;BIOS
M;BIOS
F;GEOS
M;PHYS
M;GEOS
M;CHIM
F;BIOS
M;PHYS
M;PHYS
M;GEOS
F;PHYS
F;BIOS
M;BIOS
M;BIOS
F;BIOS
M;GEOS
F;BIOS
F;BIOS
M;CHIM
F;BIOS
M;BIOS
F;BIOS
M;PHYS
F;BIOS
M;CHIM
M;BIOS
M;PHYS
M;BIOS
M;BIOS
F;BIOS
M;BIOS
F;BIOS
M;GEOS
F;BIOS
F;BIOS
F;CHIM
M;GEOS
F;BIOS
F;BIOS
F;GEOS
M;BIOS
M;MATH
M;CHIM
M;PHYS
M;ICT
M;PHYS
M;BIOS
F;BIOS
M;MATH
F;BIOS
M;PHYS
M;BIOS
M;GEOS
M;PHYS
F;PHYS
F;BIOS
M;BIOS
F;BIOS
M;CHIM
M;MATH
M;PHYS
F;BIOS
M;BIOS
M;BIOS
F;ICT
F;BIOS
M;BIOS
M;BIOS
F;MATH
F;PHYS
M;PHYS
M;BIOS
M;GEOS
M;GEOS
F;BIOS
F;BIOS
F;GEOS
M;GEOS
F;BIOS
M;BIOS
M;BIOS
M;PHYS
M;BIOS
F;CHIM
F;BIOS
M;PHYS
M;BIOS
M;CHIM
F;BIOS
M;BIOS
F;BIOS
M;BIOS
M;GEOS
M;BIOS
M;BIOS
M;PHYS
F;BIOS
M;PHYS
F;PHYS
M;ICT
F;BIOS
F;BIOS
M;MATH
F;BIOS
F;BIOS
M;CHIM
M;CHIM
M;BIOS
F;BIOS
M;BIOS
F;BIOS
M;BIOS
M;BIOS
M;BIOS
M;BIOS
M;MATH
M;PHYS
M;BIOS
M;MATH
F;BIOS
F;GEOS
F;BIOS
F;BIOS
M;MATH
M;PHYS
M;CHIM
M;CHIM
F;BIOS
M;GEOS
M;PHYS
M;BIOS
M;CHIM
M;BIOS
M;GEOS
M;GEOS
M;PHYS
M;CHIM
F;BIOS
F;BIOS
M;PHYS
M;CHIM
M;INFO
F;BIOS
M;PHYS
F;BIOS
F;CHIM
M;GEOS
F;CHIM
M;GEOS
M;MATH
M;BIOS
M;MATH
M;BIOS
M;PHYS
F;BIOS
F;CHIM
M;PHYS
M;PHYS
M;INFO
F;GEOS
F;CHIM
F;CHIM
M;BIOS
M;CHIM
M;CHIM
F;GEOS
F;BIOS
F;BIOS
M;BIOS
F;BIOS
F;MATH
M;MATH
M;BIOS
M;PHYS
M;PHYS
F;BIOS
F;BIOS
F;BIOS
M;MATH
M;PHYS
M;INFO
M;BIOS
F;BIOS
M;BIOS
F;BIOS
M;BIOS
F;BIOS
F;GEOS
F;BIOS
M;MATH
M;BIOS
F;BIOS
F;BIOS
F;BIOS
M;BIOS
F;BIOS
M;BIOS
F;BIOS
M;CHIM
F;BIOS
M;PHYS
M;BIOS
M;ICT
M;INFO
F;BIOS
M;BIOS
M;BIOS
F;BIOS
M;BIOS
M;BIOS
M;BIOS
M;BIOS
M;INFO
F;BIOS
F;CHIM
F;BIOS
F;CHIM
F;MATH
M;PHYS
F;BIOS
F;BIOS
M;PHYS
F;BIOS
F;GEOS
F;BIOS
M;MATH
M;BIOS
F;BIOS
M;BIOS
M;MATH
F;BIOS
F;GEOS
F;BIOS
M;BIOS
F;BIOS
M;BIOS
M;BIOS
M;BIOS
F;GEOS
F;BIOS
M;MATH
M;BIOS
F;BIOS
M;PHYS
M;PHYS
F;PHYS
F;BIOS
F;CHIM
M;GEOS
F;BIOS
M;BIOS
M;MATH
M;PHYS
M;BIOS
F;BIOS
M;BIOS
F;BIOS
F;BIOS
M;BIOS
F;CHIM
F;GEOS
M;PHYS
M;BIOS
M;BIOS
M;PHYS
F;PHYS
M;CHIM
F;BIOS
M;BIOS
M;BIOS
M;GEOS
F;PHYS
M;BIOS
M;BIOS
F;BIOS
M;BIOS
F;ICT
F;BIOS
M;BIOS
M;BIOS
M;CHIM
M;PHYS
M;BIOS
M;BIOS
M;CHIM
F;BIOS
M;BIOS
M;BIOS
M;BIOS
F;BIOS
F;BIOS
M;BIOS
M;PHYS
M;PHYS
M;BIOS
F;MATH
M;BIOS
M;PHYS
F;BIOS
F;BIOS
M;MATH
F;BIOS
M;CHIM
F;BIOS
M;CHIM
M;BIOS
M;BIOS
F;BIOS
F;CHIM
M;PHYS
M;CHIM
M;BIOS
F;BIOS
F;CHIM
F;CHIM
M;BIOS
F;BIOS
F;PHYS
M;ICT
M;MATH
F;PHYS
M;GEOS
M;BIOS
M;BIOS
M;GEOS
F;BIOS
M;BIOS
F;BIOS
M;GEOS
M;CHIM
M;PHYS
M;PHYS
M;BIOS
F;BIOS
F;BIOS
M;MATH
M;PHYS
M;BIOS
F;BIOS
F;PHYS
M;BIOS
M;MATH
M;BIOS
F;BIOS
F;GEOS
F;BIOS
M;BIOS
M;MATH
F;BIOS
F;BIOS
M;BIOS
M;ICT
F;BIOS
F;PHYS
F;BIOS
F;PHYS
M;BIOS
F;BIOS
M;BIOS
M;BIOS
M;CHIM
F;BIOS
M;BIOS
F;PHYS
M;BIOS
F;CHIM
M;BIOS
M;BIOS
F;CHIM
M;BIOS
F;PHYS
M;BIOS
M;PHYS
M;BIOS
F;BIOS
M;BIOS
M;PHYS
M;GEOS
M;CHIM
F;BIOS
M;BIOS
M;BIOS
F;BIOS
M;CHIM
M;BIOS
F;BIOS
M;BIOS
M;BIOS
M;BIOS
M;MATH
F;MATH
M;PHYS
M;PHYS
M;CHIM
M;BIOS
M;MATH
F;CHIM
M;BIOS
M;BIOS
F;BIOS
M;MATH
M;BIOS
M;CHIM
M;BIOS
M;BIOS
F;BIOS
M;PHYS
M;PHYS
M;BIOS
M;BIOS
M;ICT
F;BIOS
M;GEOS
M;PHYS
M;GEOS
F;PHYS
F;PHYS
F;PHYS
M;BIOS
F;BIOS
M;MATH
F;BIOS
F;BIOS
F;GEOS
M;BIOS
F;BIOS
F;BIOS
F;BIOS
F;PHYS
F;BIOS
M;CHIM
F;BIOS
M;GEOS
M;BIOS
M;BIOS
M;GEOS
M;BIOS
M;BIOS
F;BIOS
M;BIOS
F;CHIM
F;BIOS
F;BIOS
F;BIOS
M;BIOS
M;PHYS
M;INFO
M;MATH
F;BIOS
F;BIOS
F;BIOS
F;BIOS
F;INFO
F;INFO
M;BIOS
M;PHYS
M;INFO
F;MATH
M;BIOS
F;BIOS
M;BIOS
M;INFO
M;BIOS
M;MATH
M;MATH
M;BIOS
M;BIOS
M;MATH
M;MATH
M;PHYS
M;INFO
F;BIOS
M;MATH
F;BIOS
F;BIOS
M;PHYS
M;INFO
F;BIOS
F;BIOS
F;MATH
F;BIOS
F;BIOS
F;BIOS
M;BIOS
F;BIOS
M;PHYS
F;BIOS
M;PHYS
F;MATH
M;BIOS
M;PHYS
F;BIOS
M;MATH
M;BIOS
M;BIOS
F;BIOS
M;CHIM
M;MATH
M;PHYS
M;MATH
F;BIOS
F;MATH
F;PHYS
M;PHYS
M;MATH
M;CHIM
M;BIOS
F;CHIM
M;BIOS
F;BIOS
F;BIOS
M;BIOS
M;GEOS
F;BIOS
M;BIOS
M;BIOS
F;BIOS
F;CHIM
M;BIOS
M;BIOS
F;PHYS
M;PHYS
F;BIOS
F;BIOS
F;BIOS
F;BIOS
F;BIOS
M;CHIM
M;CHIM
M;BIOS
M;PHYS
M;GEOS
M;PHYS
M;CHIM
M;BIOS
M;PHYS
M;BIOS
M;BIOS
M;INFO
M;CHIM
M;PHYS
F;BIOS
M;PHYS
M;BIOS
M;PHYS
M;BIOS
M;BIOS
M;BIOS
F;BIOS
M;PHYS
M;PHYS
F;BIOS
F;BIOS
F;BIOS
F;BIOS
F;BIOS
F;BIOS
M;PHYS
M;BIOS
M;ICT
M;BIOS
M;PHYS
M;GEOS
M;BIOS
M;CHIM
F;BIOS
F;MATH
F;CHIM
M;BIOS
F;BIOS
F;BIOS
M;BIOS
M;BIOS
M;BIOS
M;PHYS
F;BIOS
M;PHYS
M;PHYS
M;MATH
M;INFO
M;CHIM
M;BIOS
M;PHYS
M;BIOS
M;BIOS
M;GEOS
F;GEOS
M;BIOS
M;BIOS
M;BIOS
F;BIOS
F;CHIM
M;BIOS
M;MATH
F;BIOS
M;GEOS
M;MATH
F;CHIM
M;BIOS
M;BIOS
M;PHYS
F;BIOS
M;BIOS
M;PHYS
M;BIOS
F;BIOS
M;BIOS
M;BIOS
M;BIOS
M;BIOS
F;MATH
F;BIOS
M;BIOS
F;BIOS
M;BIOS
F;BIOS
M;BIOS
M;PHYS
M;MATH
F;CHIM
M;PHYS
M;BIOS
F;BIOS
M;CHIM
M;CHIM
M;ICT
M;BIOS
F;CHIM
F;BIOS
M;MATH
M;BIOS
F;BIOS
F;CHIM
F;CHIM
M;BIOS
F;BIOS
F;MATH
F;MATH
M;CHIM
F;BIOS
M;BIOS
M;MATH
M;CHIM
M;MATH
M;MATH
M;GEOS
F;INFO
M;PHYS
M;PHYS
M;GEOS
F;PHYS
M;BIOS
F;BIOS
M;PHYS
F;BIOS
M;BIOS
M;GEOS
M;PHYS
M;BIOS
M;BIOS
F;GEOS
F;CHIM
F;CHIM
F;BIOS
M;BIOS
M;GEOS
M;PHYS
F;BIOS
M;GEOS
M;MATH
M;INFO
M;PHYS
M;GEOS
F;BIOS
F;CHIM
M;BIOS
F;BIOS
M;BIOS
M;BIOS
M;PHYS
M;MATH
M;BIOS
M;GEOS
F;BIOS
F;BIOS
F;BIOS
F;MATH
M;BIOS
F;BIOS
M;CHIM
F;BIOS
M;BIOS
M;CHIM
M;BIOS
M;MATH
M;BIOS
F;BIOS
F;BIOS
M;BIOS
M;BIOS
F;PHYS
F;BIOS
M;BIOS
M;PHYS
M;PHYS
M;GEOS
M;BIOS
M;BIOS
F;GEOS
M;MATH
M;BIOS
F;BIOS
F;ICT
F;CHIM
M;INFO
M;MATH
F;BIOS
M;PHYS
M;MATH
F;BIOS
F;CHIM
M;BIOS
F;BIOS
M;BIOS
F;CHIM
M;CHIM
M;BIOS
F;BIOS
M;BIOS
F;MATH
M;BIOS
M;MATH
M;BIOS
F;BIOS
M;MATH
M;MATH
F;GEOS
M;BIOS
M;GEOS
M;BIOS
M;BIOS
F;BIOS
M;PHYS
M;BIOS
M;MATH
M;MATH
M;BIOS
M;BIOS
F;GEOS
M;PHYS
F;BIOS
F;BIOS
M;MATH
M;MATH
M;BIOS
M;PHYS
F;GEOS
M;BIOS
M;PHYS
M;BIOS
M;PHYS
M;BIOS
M;BIOS
M;CHIM
F;CHIM
M;MATH
M;BIOS
F;PHYS
F;GEOS
M;BIOS
F;BIOS
M;BIOS
M;CHIM
F;CHIM
F;BIOS
F;BIOS
M;BIOS
M;BIOS
M;BIOS
M;PHYS
F;BIOS
M;PHYS
F;BIOS
F;CHIM
M;BIOS
M;BIOS
M;BIOS
M;BIOS
M;PHYS
F;GEOS
M;PHYS
F;BIOS
M;BIOS
M;CHIM
M;GEOS
F;BIOS
M;BIOS
M;GEOS
M;BIOS
F;PHYS
M;BIOS
M;BIOS
F;PHYS
M;BIOS
M;INFO
F;BIOS
F;PHYS
M;PHYS
F;BIOS
M;MATH
M;INFO
M;BIOS
M;BIOS
M;CHIM
M;MATH
F;BIOS
F;BIOS
M;BIOS
M;BIOS
F;BIOS
F;BIOS
F;BIOS
M;MATH
F;BIOS
M;BIOS
M;BIOS
F;BIOS
F;PHYS
M;BIOS
M;CHIM
F;CHIM
M;BIOS
F;BIOS
M;BIOS
F;BIOS
M;PHYS
M;BIOS
M;PHYS
F;BIOS
M;BIOS
M;PHYS
M;MATH
M;CHIM
M;CHIM
F;MATH
M;PHYS
F;BIOS
M;CHIM
M;PHYS
F;BIOS
M;CHIM
F;BIOS
F;CHIM
M;BIOS
M;BIOS
F;MATH
F;BIOS
M;MATH
F;BIOS
F;BIOS
F;CHIM
M;MATH
F;PHYS
M;CHIM
M;BIOS
M;PHYS
F;BIOS
M;BIOS
F;BIOS
M;MATH
M;BIOS
M;PHYS
F;BIOS
M;BIOS
M;BIOS
F;PHYS
M;BIOS
F;PHYS
F;BIOS
M;ICT
F;GEOS
M;BIOS
F;BIOS
M;BIOS
F;PHYS
M;CHIM
F;BIOS
M;BIOS
M;BIOS
M;BIOS
M;CHIM
F;PHYS
M;BIOS
M;MATH
M;PHYS
M;BIOS
M;PHYS
M;BIOS
F;GEOS
F;BIOS
F;BIOS
F;CHIM
F;CHIM
F;BIOS
F;PHYS
M;BIOS
M;ICT
M;BIOS
F;BIOS
M;BIOS
M;BIOS
F;BIOS
M;PHYS
M;PHYS
F;BIOS
F;BIOS
F;CHIM
M;CHIM
M;BIOS
F;PHYS
F;PHYS
F;BIOS
M;PHYS
F;BIOS
F;CHIM
M;MATH
F;BIOS
F;GEOS
M;PHYS
M;BIOS
M;BIOS
F;CHIM
F;BIOS
F;BIOS
M;MATH
M;GEOS
F;BIOS
M;BIOS
M;GEOS
F;BIOS
M;BIOS
F;CHIM
F;BIOS
F;BIOS
M;BIOS
M;PHYS
M;BIOS
F;BIOS
F;CHIM
F;BIOS
M;MATH
F;PHYS
M;GEOS
M;PHYS
M;GEOS
F;BIOS
M;PHYS
F;BIOS
M;BIOS
M;BIOS
M;GEOS
M;MATH
F;BIOS
M;BIOS
F;MATH
F;CHIM
F;BIOS
M;BIOS
M;INFO
F;INFO
M;BIOS
M;INFO
M;GEOS
F;INFO
M;MATH
M;PHYS
M;INFO
F;BIOS
F;MATH
M;PHYS
F;INFO
M;BIOS
M;BIOS
F;BIOS
M;PHYS
M;PHYS
M;MATH
F;BIOS
M;BIOS
M;BIOS
F;PHYS
M;MATH
F;MATH
M;INFO
M;BIOS
F;BIOS
M;BIOS
M;MATH
M;INFO
F;BIOS
F;CHIM
F;BIOS
F;BIOS
M;PHYS
F;BIOS
F;PHYS
M;BIOS
M;PHYS
F;BIOS
M;BIOS
M;INFO
M;MATH
M;CHIM
F;BIOS
M;BIOS
M;BIOS
F;MATH
F;BIOS
M;MATH
M;MATH
M;BIOS
M;MATH
F;INFO
F;PHYS
F;PHYS
F;BIOS
F;BIOS
M;BIOS
F;BIOS
F;BIOS
M;BIOS
F;PHYS
M;PHYS
M;MATH
F;BIOS
M;GEOS
M;BIOS
M;PHYS
M;GEOS
M;BIOS
M;BIOS
F;CHIM
F;PHYS
M;PHYS
M;BIOS
M;MATH
M;GEOS
F;BIOS
M;GEOS
F;GEOS
M;PHYS
M;GEOS
M;BIOS
M;BIOS
M;BIOS
F;BIOS
F;BIOS
M;BIOS
M;BIOS
F;BIOS
M;PHYS
F;BIOS
M;BIOS
F;CHIM
M;BIOS
F;BIOS
M;BIOS
M;INFO
F;PHYS
F;BIOS
F;BIOS
M;MATH
M;BIOS
M;GEOS
M;MATH
F;PHYS
M;GEOS
M;MATH
F;BIOS
F;CHIM
M;PHYS
M;ICT
F;BIOS
F;BIOS
M;GEOS
M;BIOS
M;PHYS
F;BIOS
F;BIOS
M;BIOS
M;BIOS
M;BIOS
F;CHIM
F;PHYS
M;INFO
F;BIOS
M;PHYS
F;CHIM
M;BIOS
M;CHIM
M;PHYS
F;BIOS
M;BIOS
M;PHYS
M;BIOS
M;PHYS
F;CHIM
M;BIOS
F;CHIM
M;BIOS
M;MATH
F;BIOS
F;BIOS
F;BIOS
M;BIOS
M;BIOS
M;BIOS
M;BIOS
M;BIOS
F;BIOS
M;MATH
M;PHYS
F;BIOS
M;BIOS
M;BIOS
M;MATH
M;BIOS
M;BIOS
M;BIOS
F;BIOS
F;BIOS
M;BIOS
F;BIOS
F;BIOS
F;MATH
M;BIOS
M;MATH
M;BIOS
M;BIOS
M;CHIM
M;BIOS
M;BIOS
M;BIOS
F;BIOS
F;BIOS
F;PHYS
M;BIOS
M;PHYS
M;MATH
M;PHYS
M;GEOS
M;BIOS
F;BIOS
F;PHYS
F;BIOS
M;BIOS
M;BIOS
M;BIOS
F;BIOS
M;BIOS
F;PHYS
F;BIOS
F;BIOS
F;ICT
F;BIOS
F;BIOS
F;BIOS
M;PHYS
M;GEOS
F;BIOS
F;CHIM
M;BIOS
M;BIOS
M;BIOS
F;BIOS
F;BIOS
M;BIOS
F;CHIM
M;BIOS
F;BIOS
F;BIOS
F;ICT
F;BIOS
M;MATH
M;PHYS
M;BIOS
F;BIOS
M;PHYS
F;BIOS
F;BIOS
M;PHYS
F;BIOS
M;ICT
M;BIOS
M;BIOS
F;BIOS
M;MATH
M;ICT
M;PHYS
F;BIOS
F;BIOS
F;CHIM
M;BIOS
F;GEOS
M;BIOS
M;BIOS
M;GEOS
F;BIOS
F;BIOS
M;GEOS
M;MATH
F;BIOS
M;ICT
M;BIOS
M;GEOS
F;BIOS
M;BIOS
M;BIOS
M;BIOS
F;BIOS
M;PHYS
M;CHIM
M;BIOS
M;MATH
F;PHYS
M;PHYS
M;BIOS
M;BIOS
M;BIOS
F;BIOS
M;BIOS
M;GEOS
M;GEOS
M;CHIM
M;BIOS
M;MATH
M;BIOS
M;PHYS
F;BIOS
M;BIOS
M;BIOS
F;BIOS
F;BIOS
F;BIOS
M;BIOS
F;BIOS
M;GEOS
M;BIOS
F;BIOS
F;BIOS
M;CHIM
F;BIOS
F;PHYS
F;BIOS
M;MATH
F;BIOS
M;MATH
M;GEOS
F;BIOS
F;BIOS
F;GEOS
M;GEOS
M;BIOS
M;MATH
M;PHYS
M;ICT
M;INFO
M;BIOS
M;PHYS
F;BIOS
M;GEOS
M;PHYS
M;PHYS
F;GEOS
M;BIOS
M;GEOS
M;PHYS
M;PHYS
F;PHYS
M;BIOS
F;BIOS
M;PHYS
F;BIOS
M;GEOS
F;CHIM
M;PHYS
F;BIOS
F;BIOS
F;BIOS
M;BIOS
F;BIOS
M;CHIM
M;PHYS
F;BIOS
F;BIOS
M;PHYS
F;BIOS
F;BIOS
M;PHYS
M;GEOS
M;ICT
M;MATH
F;BIOS
F;CHIM
M;MATH
M;BIOS
M;GEOS
M;CHIM
F;BIOS
M;BIOS
F;BIOS
M;PHYS
M;PHYS
M;BIOS
F;BIOS
M;PHYS
M;MATH
F;PHYS
M;BIOS
M;BIOS
F;CHIM
M;BIOS
M;BIOS
M;BIOS
M;BIOS
M;BIOS
M;PHYS
M;BIOS
M;MATH
F;BIOS
F;BIOS
M;MATH
M;GEOS
M;GEOS
F;BIOS
M;BIOS
M;ICT
F;BIOS
M;PHYS
M;MATH
F;BIOS
F;BIOS
M;BIOS
F;ICT
M;BIOS
M;BIOS
M;BIOS
M;BIOS
F;BIOS
M;BIOS
M;BIOS
M;BIOS
M;BIOS
M;GEOS
F;CHIM
F;BIOS
M;BIOS
M;MATH
M;PHYS
M;BIOS
F;PHYS
M;BIOS
M;BIOS
M;CHIM
F;BIOS
M;BIOS
M;BIOS
M;CHIM
M;BIOS
M;BIOS
M;CHIM
M;BIOS
F;BIOS
M;BIOS
F;PHYS
M;ICT
M;BIOS
M;BIOS
M;PHYS
M;BIOS
M;BIOS
M;MATH
M;BIOS
M;CHIM
M;BIOS
M;GEOS
M;BIOS
F;BIOS
M;MATH
M;CHIM
F;BIOS
M;GEOS
M;ICT
F;BIOS
M;BIOS
M;BIOS
M;CHIM
F;BIOS
M;PHYS
F;PHYS
M;MATH
F;BIOS
F;BIOS
F;BIOS
M;PHYS
F;BIOS
M;CHIM
F;BIOS
M;PHYS
F;GEOS
M;BIOS
M;ICT
M;GEOS
M;GEOS
F;PHYS
M;GEOS
M;PHYS
M;CHIM
M;BIOS
M;BIOS
M;BIOS
M;CHIM
M;PHYS
M;BIOS
M;PHYS
M;PHYS
M;BIOS
F;BIOS
M;BIOS
M;BIOS
F;BIOS
M;BIOS
M;BIOS
F;BIOS
M;INFO
M;BIOS
M;MATH
M;BIOS
F;BIOS
F;BIOS
M;BIOS
M;PHYS
F;MATH
F;BIOS
M;PHYS
M;CHIM
F;PHYS
M;INFO
M;PHYS
M;PHYS
F;BIOS
M;MATH
M;BIOS
M;CHIM
M;BIOS
M;PHYS
F;BIOS
F;PHYS
M;PHYS
M;INFO
F;BIOS
M;MATH
F;MATH
F;INFO
F;BIOS
M;MATH
M;INFO
M;BIOS
M;PHYS
M;PHYS
M;BIOS
M;BIOS
F;BIOS
M;INFO
M;PHYS
F;INFO
F;PHYS
M;INFO
M;BIOS
F;BIOS
M;CHIM
F;GEOS
F;PHYS
F;BIOS
M;PHYS
M;PHYS
F;BIOS
M;INFO
M;GEOS
F;BIOS
F;ICT
M;MATH
F;PHYS
M;MATH
M;BIOS
M;MATH
F;MATH
M;BIOS
M;MATH
F;BIOS
F;BIOS
M;INFO
F;BIOS
M;BIOS
F;BIOS
F;PHYS
M;MATH
F;BIOS
F;BIOS
F;BIOS
M;PHYS
M;PHYS
M;BIOS
M;PHYS
F;BIOS
M;BIOS
M;MATH
M;ICT
F;BIOS
M;BIOS
F;BIOS
M;BIOS
F;PHYS
F;CHIM
M;GEOS
F;GEOS
M;GEOS
F;BIOS
M;BIOS
M;MATH
M;BIOS
F;CHIM
F;BIOS
M;MATH
M;BIOS
M;PHYS
M;BIOS
F;CHIM
M;GEOS
F;BIOS
M;BIOS
F;PHYS
F;BIOS
M;PHYS
F;MATH
F;PHYS
M;PHYS
F;BIOS
F;BIOS
M;BIOS
M;ICT
F;BIOS
M;BIOS
M;MATH
M;BIOS
M;GEOS
M;BIOS
M;PHYS
M;BIOS
F;CHIM
F;BIOS
M;BIOS
F;CHIM
F;PHYS
F;BIOS
F;CHIM
M;BIOS
M;CHIM
F;PHYS
M;BIOS
F;BIOS
M;GEOS
M;PHYS
M;PHYS
F;BIOS
M;PHYS
M;GEOS
F;BIOS
M;ICT
F;BIOS
M;BIOS
M;BIOS
F;PHYS
M;BIOS
F;BIOS
F;PHYS
F;GEOS
M;PHYS
M;PHYS
M;BIOS
M;BIOS
M;BIOS
F;PHYS
M;ICT
M;BIOS
M;BIOS
M;BIOS
M;CHIM
M;BIOS
M;BIOS
M;BIOS
M;BIOS
F;BIOS
F;GEOS
F;BIOS
M;BIOS
M;MATH
M;BIOS
F;CHIM
M;GEOS
F;BIOS
M;PHYS
F;BIOS
M;MATH
M;BIOS
M;BIOS
F;BIOS
M;GEOS
M;BIOS
F;BIOS
M;MATH
M;BIOS
M;PHYS
M;CHIM
M;BIOS
F;BIOS
F;BIOS
M;BIOS
F;BIOS
M;PHYS
M;ICT
M;PHYS
F;BIOS
M;CHIM
M;PHYS
F;BIOS
M;BIOS
M;BIOS
F;BIOS
F;PHYS
F;BIOS
M;MATH
M;ICT
F;GEOS
M;ICT
F;BIOS
F;BIOS
F;CHIM
M;PHYS
F;BIOS
M;GEOS
F;BIOS
M;BIOS
M;GEOS
M;PHYS
F;BIOS
M;BIOS
M;CHIM
M;GEOS
F;BIOS
F;BIOS
F;BIOS
M;BIOS
F;PHYS
M;BIOS
M;BIOS
F;PHYS
M;PHYS
M;BIOS
M;BIOS
M;MATH
M;PHYS
M;CHIM
M;ICT
M;BIOS
M;ICT
M;MATH
F;BIOS
M;BIOS
M;BIOS
F;BIOS
M;BIOS
F;GEOS
M;PHYS
M;PHYS
F;BIOS
M;CHIM
M;BIOS
M;BIOS
M;MATH
M;BIOS
M;MATH
M;CHIM
M;PHYS
M;PHYS
F;BIOS
F;BIOS
M;BIOS
F;INFO
M;GEOS
M;BIOS
M;PHYS
M;BIOS
M;BIOS
M;BIOS
M;GEOS
F;CHIM
F;GEOS
M;GEOS
M;BIOS
M;PHYS
M;BIOS
M;BIOS
F;BIOS
F;BIOS
M;BIOS
F;CHIM
M;BIOS
M;CHIM
M;BIOS
M;CHIM
M;BIOS
M;BIOS
M;ICT
F;BIOS
M;BIOS
F;BIOS
M;GEOS
F;BIOS
M;BIOS
F;CHIM
F;BIOS
M;PHYS
F;BIOS
M;BIOS
M;BIOS
M;BIOS
M;BIOS
M;BIOS
M;BIOS
M;MATH
F;BIOS
M;BIOS
M;PHYS
F;BIOS
M;PHYS
M;PHYS
F;BIOS
M;BIOS
M;ICT
F;PHYS
F;BIOS
M;BIOS
M;BIOS
M;BIOS
M;BIOS
M;BIOS
F;BIOS
F;PHYS
F;BIOS
M;BIOS
M;BIOS
M;MATH
M;BIOS
F;MATH
M;BIOS
F;MATH
M;ICT
M;PHYS
M;ICT
M;PHYS
F;BIOS
M;PHYS
F;BIOS
F;PHYS
M;PHYS
F;BIOS
F;BIOS
M;BIOS
M;PHYS
F;BIOS
F;BIOS
M;BIOS
M;PHYS
M;BIOS
M;BIOS
F;BIOS
F;PHYS
M;CHIM
M;PHYS
F;BIOS
M;CHIM
M;BIOS
M;BIOS
M;MATH
M;BIOS
F;BIOS
M;PHYS
F;BIOS
M;PHYS
M;PHYS
M;BIOS
F;BIOS
F;BIOS
M;BIOS
F;BIOS
M;GEOS
F;BIOS
M;BIOS
M;ICT
F;CHIM
F;CHIM
F;BIOS
F;BIOS
M;BIOS
M;PHYS
M;CHIM
M;BIOS
F;BIOS
M;BIOS
M;BIOS
F;BIOS
F;BIOS
M;MATH
F;BIOS
F;BIOS
M;ICT
M;BIOS
M;MATH
F;BIOS
F;BIOS
M;BIOS
F;BIOS
F;PHYS
M;CHIM
M;BIOS
F;PHYS
M;BIOS
F;BIOS
F;BIOS
M;BIOS
M;CHIM
M;PHYS
M;BIOS
F;CHIM
F;PHYS
F;ICT
M;CHIM
M;GEOS
M;BIOS
M;BIOS
F;BIOS
F;BIOS
M;MATH
F;BIOS
F;BIOS
M;BIOS
M;GEOS
M;BIOS
F;BIOS
F;GEOS
F;BIOS
M;BIOS
M;BIOS
M;BIOS
F;BIOS
M;BIOS
M;MATH
F;BIOS
M;BIOS
M;PHYS
M;BIOS
M;PHYS
M;PHYS
F;BIOS
M;PHYS
M;BIOS
F;PHYS
M;CHIM
M;BIOS
M;PHYS
M;PHYS
F;BIOS
F;BIOS
M;BIOS
M;BIOS
F;BIOS
F;BIOS
M;PHYS
F;BIOS
M;BIOS
M;BIOS
M;BIOS
F;BIOS
M;BIOS
M;BIOS
M;MATH
F;BIOS
M;BIOS
F;GEOS
F;BIOS
M;BIOS
M;BIOS
M;BIOS
M;PHYS
F;BIOS
M;BIOS
M;BIOS
M;GEOS
M;MATH
F;BIOS
F;BIOS
M;INFO
M;BIOS
F;BIOS
M;MATH
M;BIOS
M;PHYS
M;MATH
M;PHYS
F;BIOS
F;MATH
M;BIOS
M;BIOS
M;BIOS
F;CHIM
M;PHYS
F;BIOS
F;MATH
F;BIOS
F;PHYS
M;BIOS
F;PHYS
M;PHYS
F;BIOS
M;MATH
F;BIOS
M;BIOS
M;PHYS
M;BIOS
M;PHYS
M;PHYS
M;BIOS
M;PHYS
M;ICT
F;PHYS
F;CHIM
M;MATH
M;BIOS
M;BIOS
M;INFO
M;ICT
M;PHYS
M;CHIM
F;BIOS
F;BIOS
F;BIOS
M;BIOS
F;MATH
M;PHYS
F;BIOS
F;BIOS
F;PHYS
F;PHYS
M;CHIM
F;BIOS
F;PHYS
M;PHYS
F;ICT
M;BIOS
M;MATH
F;BIOS
F;BIOS
M;MATH
M;MATH
M;MATH
M;CHIM
F;ICT
M;BIOS
M;CHIM
F;GEOS
F;BIOS
F;BIOS
M;CHIM
F;PHYS
M;BIOS
M;BIOS
M;CHIM
M;PHYS
M;GEOS
M;BIOS
M;BIOS
M;PHYS
M;ICT
M;ICT
F;BIOS
M;BIOS
M;PHYS
M;CHIM
M;BIOS
M;PHYS
M;PHYS
F;CHIM
M;PHYS
F;CHIM
F;BIOS
M;BIOS
F;BIOS
F;BIOS
M;BIOS
F;BIOS
F;BIOS
M;BIOS
M;PHYS
M;BIOS
F;PHYS
M;GEOS
M;PHYS
M;PHYS
F;BIOS
F;BIOS
M;CHIM
M;ICT
M;BIOS
F;BIOS
F;BIOS
F;BIOS
F;GEOS
F;BIOS
M;MATH
F;BIOS
F;BIOS
M;BIOS
M;CHIM
M;MATH
F;BIOS
M;MATH
M;CHIM
M;BIOS
M;ICT
F;BIOS
F;BIOS
F;GEOS
M;PHYS
M;ICT
M;BIOS
F;MATH
F;BIOS
M;BIOS
M;BIOS
F;CHIM
F;BIOS
M;ICT
M;MATH
M;GEOS
M;BIOS
F;BIOS
M;BIOS
M;BIOS
M;CHIM
F;BIOS
F;GEOS
M;BIOS
M;MATH
F;BIOS
F;BIOS
M;BIOS
F;BIOS
F;BIOS
M;ICT
F;BIOS
F;ICT
F;ICT
M;BIOS
F;BIOS
M;BIOS
M;GEOS
F;BIOS
M;BIOS
F;BIOS
M;ICT
M;BIOS
F;BIOS
M;BIOS
M;PHYS
F;MATH
F;PHYS
M;BIOS
M;BIOS
M;PHYS
M;MATH
